Municipios,Ano,População residente,Densidade populacional,Jovens (%),População em idade activa (%),Idosos (%),Índice de envelhecimento,População estrangeira (2),População estrangeira em % da população residente (2),Nascimentos (3),Óbitos,Taxa de mortalidade infantil (‰),Diferença entre os nascimentos e os óbitos,Casamentos,Divórcios,Hospitais,Farmácias (1),Alojamentos familiares clássicos,Edifícios novos concluídos para habitação familiar,Estabelecimentos do ensino pré-escolar,Estabelecimentos do 1.º ciclo do ensino básico,Estabelecimentos do 2.º ciclo do ensino básico,Estabelecimentos do 3.º ciclo do ensino básico,Estabelecimentos do ensino secundário,Alunos do ensino não superior (5),Estabelecimentos do ensino superior,Alunos do ensino superior (5),Museus,Sessões de espectáculos ao vivo,Ecrãs de cinema,Despesas da Câmara Municipal em cultura e desporto (%),Empresas não financeiras (4),Pessoal ao serviço nas empresas não financeiras (4),Pessoal ao serviço nas quatro maiores empresas do município (%),Volume de negócios das quatro maiores empresas do município (%),Ganho médio mensal dos trabalhadores por conta de outrem. €,Bancos. Caixas Económicas,Caixas de Crédito Agrícola Mútuo,Caixas automáticas multibanco,Pensões da Segurança Social,Pensões da Caixa Geral de Aposentações,Pensões da Segurança Social e da CGA em % da população residente,Beneficiários do Rendimento Social de Inserção (RSI),Desempregados inscritos nos centros de emprego,Desempregados inscritos nos centros de emprego em % da população residente,Trabalhadores da Administração Pública Local,Despesas da Câmara Municipal (7),Receitas da Câmara Municipal (8),Saldo financeiro da Câmara Municipal,Transferências recebidas no total das receitas da Câmara Municipal (%),Crimes registados pelas polícias por mil habitantes,Consumo de energia eléctrica por habitante (kWh),Resíduos urbanos recolhidos selectivamente por habitante (kg),Despesas do município em ambiente (%),Alojamentos turísticos (6),(%)sem nivel de escolaridade,(%) Básico 1º ciclo,(%)Básico 2º ciclo,(%)Básico 3º ciclo,(%)Secundário,(%)Médio,(%)Superior
Portugal,2010,10573100,0,15.2,66.3,18.5,122,443055,4.2,0,105954,0,-4573,39993,27556,229,3055,5852186,17445,6974,5711,1171,1524,937,2016257,296,383627,340,30088,564,10,1145390,3732512,2,5,1075,5877,741,14318,2896074,577327,39,527287,555827,8,135527,7181975.2,7247436.3,65461,49,40.1,4776.8,76.2,8,2011,#N/A,#N/A,#N/A,#N/A,#N/A,#N/A,#N/A
Abrantes,2010,39637,0,12.8,61.6,25.6,200,652,1.6,0,525,0,-256,103,77,1,15,25483,50,33,31,4,6,4,6971,1,458,1,0,1,12.9,3079,8658,12,55,969,19,4,56,14640,2313,49,1337,2160,9,407,23972,25909.4,1937,63.8,32.4,4075.9,66.2,5,4,12.8,31.1,11.5,19.3,14.3, 0.7,10.3
Águeda,2010,47875,0,13.9,67.3,18.8,135,1176,2.5,0,416,0,-7,170,126,1,14,22754,90,36,27,5,7,2,9329,1,796,1,23,1,7.2,5173,20090,5,10,911,26,3,60,14295,1337,38,1032,2147,7,436,27661,27699.6,39,54,33.8,5421.9,52.4,5,6,10.0,30.5,15.9,19.2,13.6, 1.0,9.7
Aguiar da Beira,2010,5539,0,11.7,61.7,26.6,227,38,0.7,0,99,0,-65,28,9,0,2,4864,24,7,5,1,1,1,764,0,0,0,0,0,27.6,572,1254,9,24,695,4,2,6,2233,181,50,166,200,6,107,6062.2,7687.7,1626,77.8,19.7,3019.2,22.4,3,1,25.4,35.8,9.4,13.5,10.6, 0.7,4.6
Alandroal,2010,5909,0,11.2,58,30.7,274,130,2.2,0,92,0,-53,13,10,0,3,4478,11,4,8,1,1,1,733,0,0,0,0,0,7.2,564,1109,23,19,747,1,2,4,2743,239,57,244,315,9,206,17595.7,8863.8,-8732,81.6,13.4,3269.9,42.5,2,0,20.3,35.6,13.6,15.2,10.0, 0.4,5.0
Albergaria-a-Velha,2010,25263,0,15.5,67.7,16.8,108,577,2.3,0,229,0,15,94,65,0,8,12284,53,24,21,4,4,3,4584,0,0,0,0,0,11,2508,8005,15,31,904,13,1,30,6286,756,33,688,1204,7,299,15161.5,17375.1,2214,46.2,33.4,6049,45.5,4,3,9.8,29.0,17.7,19.9,13.0, 1.1,9.5
Albufeira,2010,40328,0,17.4,69.3,13.3,77,11273,28,0,283,0,256,180,100,0,8,42472,69,18,16,6,6,3,8428,0,0,1,22,9,11.8,6533,18255,7,9,902,33,6,100,6475,1008,22,1043,2920,10,1346,60380.6,57166.3,-3214,16.9,113.9,8911.3,511.6,5,141,9.0,20.9,12.6,23.2,21.4, 1.4,11.5
Alcácer do Sal,2010,13119,0,12.5,62.1,25.4,203,294,2.2,0,153,0,-37,46,23,0,5,8790,35,11,9,2,2,1,1943,0,0,0,0,1,10.4,1739,3414,5,19,876,6,2,22,5238,660,52,685,448,5,361,17371.2,18180,809,63.7,28.6,5586.1,53.3,5,8,18.9,32.2,13.1,16.3,12.2, 0.6,6.7
Alcanena,2010,13932,0,13.7,63.8,22.5,165,508,3.6,0,151,0,-40,37,38,1,5,8060,20,15,12,2,3,1,2303,0,0,1,26,0,8.9,1597,6532,24,74,959,5,1,19,4644,395,42,372,506,6,191,8949.9,10351.1,1401,54.5,26.1,5899.9,42,17,2,11.2,31.8,13.9,18.3,15.1, 0.8,9.0
Alcobaça,2010,56839,0,15,65.5,19.6,131,1788,3.1,0,657,0,-223,138,140,1,15,34504,119,42,52,5,7,5,11806,0,0,0,166,1,8.6,6485,19814,4,10,863,31,5,81,18022,1838,41,1239,2569,7,344,25975.4,27753.2,1778,49.3,37.9,5558.3,42.3,18,7,11.8,30.9,12.5,19.6,14.8, 0.9,9.4
Alcochete,2010,17329,0,19.6,65.6,14.9,76,808,4.7,0,153,0,86,64,46,0,3,8797,63,9,8,1,1,1,3208,0,0,1,88,7,3.4,1762,4949,14,61,1463,8,2,31,3881,661,32,322,666,6,416,13484,12490.8,-993,28.1,41.7,5458.8,95.4,6,1,7.7,20.5,10.5,19.7,20.6, 1.2,19.8
Alcoutim,2010,2968,0,7.6,48.4,44,575,64,2.2,0,68,0,-57,12,1,0,2,3508,3,3,2,2,2,1,283,0,0,0,0,0,12.7,297,496,18,28,740,2,2,4,1640,238,69,102,46,3,178,8528.2,8347.7,-180,89.8,20.2,2649.5,75.5,2,0,28.3,35.7,11.4,11.0,8.8, 0.4,4.5
Alenquer,2010,43123,0,16.9,65.7,17.4,103,3113,7.2,0,480,0,43,230,127,0,12,23522,69,21,32,4,4,1,6460,0,0,2,42,0,5,4045,13358,9,20,1059,16,5,59,13354,1454,41,1070,2036,7,644,22739,23534,795,50.7,32.5,6631.4,40.8,6,0,11.4,27.5,13.3,20.5,17.1, 0.9,9.2
Alfândega da Fé,2010,5165,0,10.2,58,31.8,310,26,0.5,0,95,0,-79,10,2,0,2,3864,16,7,1,1,1,1,657,0,0,0,0,1,3.8,459,794,16,90,757,2,2,5,2099,282,52,121,274,9,156,14947.1,7865.7,-7081,85.9,28.5,2518.9,39.5,2,1,20.2,35.2,10.6,15.8,10.6, 0.7,6.9
Alijó,2010,12103,0,11.6,60.2,28.1,241,86,0.7,0,178,0,-103,35,11,0,8,8560,11,17,10,2,2,1,1680,0,0,1,38,0,6.6,1033,2256,13,32,874,4,3,11,4534,679,49,562,668,9,194,10506.2,10773.5,267,79.1,32.3,2744.8,21.3,1,6,17.6,39.3,12.9,13.7,10.2, 0.6,5.6
Aljezur,2010,5865,0,12.5,57.1,30.5,245,1298,22.1,0,71,0,-32,16,14,0,2,5852,49,3,3,1,1,0,591,0,0,2,0,0,6.7,794,1346,5,22,740,2,2,9,1858,210,40,249,205,6,198,8866.5,9297.5,431,54.8,45,3318.5,175.1,8,3,18.8,24.4,9.8,18.2,18.6, 1.0,9.3
Aljustrel,2010,9333,0,11.6,64.1,24.2,208,101,1.1,0,150,0,-64,36,19,0,5,5814,14,10,8,1,2,1,1512,0,0,1,92,0,11.1,903,1978,23,36,1001,4,4,15,4039,371,54,513,393,7,172,11019.8,11203.5,184,72.3,24.2,4810.8,51.3,6,2,16.2,31.3,11.6,20.0,12.4, 0.5,8.0
Almada,2010,173634,0,15.5,65,19.6,126,11578,6.7,0,1762,0,111,639,509,1,42,101109,130,92,60,17,22,14,30634,7,11280,2,306,14,10.9,18057,38936,8,13,1035,90,1,236,45110,15754,41,7870,8082,7,1512,73475.4,79498.5,6023,29.2,42.8,3359.6,89.7,15,11,7.5,23.7,10.8,20.9,18.9, 1.1,17.0
Almeida,2010,7355,0,8.5,57.1,34.4,405,89,1.2,0,149,0,-129,10,6,0,2,6648,10,5,5,2,2,2,833,0,0,1,0,0,13.8,610,1231,14,33,787,5,1,10,2599,649,49,214,178,4,139,12907.4,11480.9,-1427,82.8,34.4,3686.5,19.9,10,4,17.3,39.0,9.1,15.1,11.9, 0.6,7.0
Almeirim,2010,23335,0,15.3,63.7,21,138,910,3.9,0,264,0,-40,76,65,0,6,12172,65,14,8,3,3,1,4168,0,0,0,0,0,12,2591,6140,5,22,871,11,3,29,7256,959,41,768,1015,7,315,15662.1,14244.1,-1418,63.4,42.5,3854.7,25.7,5,1,14.7,29.4,12.7,17.6,14.2, 0.9,10.5
Almodôvar,2010,7501,0,12,59.6,28.5,238,136,1.8,0,142,0,-85,15,7,0,2,5398,16,6,7,1,1,1,1178,0,0,0,0,0,11.5,785,1307,7,18,737,4,1,12,2912,380,50,274,504,11,227,12617.7,12220.8,-397,85.5,25.1,2602.2,25.3,4,2,24.4,27.2,9.0,21.5,11.7, 0.3,5.9
Alpiarça,2010,7747,0,14.8,61,24.2,163,241,3.1,0,124,0,-63,17,20,0,3,4048,18,5,3,1,1,1,985,0,0,1,0,0,18,762,1798,16,44,872,2,1,6,2800,328,48,224,377,8,193,6514.4,7039.8,525,73.2,39.8,4981.5,27.1,15,0,15.3,33.1,10.5,18.0,13.0, 0.7,9.5
Alter do Chão,2010,3607,0,11.1,57.5,31.4,284,145,4,0,74,0,-46,18,4,0,4,3037,8,3,2,1,1,2,603,0,0,1,0,0,15.4,328,748,33,55,816,1,1,6,1678,436,66,258,150,7,155,5724.7,5769.6,45,80.2,29.1,3575.3,137.8,9,2,20.1,32.8,11.3,15.6,12.5, 0.3,7.3
Alvaiázere,2010,7372,0,11.3,57.3,31.5,280,170,2.3,0,115,0,-72,12,8,1,4,5718,12,7,5,1,1,2,870,0,0,1,0,1,3.6,775,1986,20,26,737,4,2,8,3778,359,63,228,241,6,111,9277.8,7966.6,-1311,77.5,36.9,2443.8,46.7,2,0,21.0,36.4,10.7,14.0,10.9, 0.8,6.2
Alvito,2010,2526,0,12.4,64.9,22.7,183,118,4.7,0,56,0,-40,3,3,0,1,1718,6,2,2,1,2,0,530,0,0,0,0,0,10.1,271,445,18,21,902,1,2,3,953,121,48,104,81,5,114,5163.9,4875.9,-288,87.8,27.7,3912.3,113.2,1,1,18.3,27.6,11.8,19.3,14.5, 0.6,7.8
Amadora,2010,175208,0,14.7,66.2,19.1,130,18523,10.6,0,1518,0,478,514,428,2,41,87887,30,80,50,15,19,9,32528,1,417,3,0,11,0,17241,53550,11,23,1196,68,2,226,44685,12685,38,13307,9645,8,1677,0,0,0,0,49.6,3203.7,77.3,0,4,7.9,25.0,11.3,20.7,19.0, 1.1,14.9
Amarante,2010,56615,0,16.3,68.4,15.3,94,420,0.7,0,480,0,6,266,139,1,13,28198,158,41,45,6,8,4,13600,0,0,1,0,0,6.2,4699,16520,7,14,851,17,1,44,12323,1806,30,3376,4210,11,626,30542.9,29080.7,-1462,61.5,32,2524.5,43.8,4,5,13.0,34.3,13.1,18.3,12.2, 0.7,8.5
Amares,2010,18924,0,16.9,67.6,15.5,91,126,0.7,0,164,0,-6,86,29,1,4,9572,89,20,16,1,3,2,3649,0,0,1,0,0,3.9,1590,4599,14,40,837,4,3,14,4408,438,31,682,1140,9,263,13164.9,13682.7,518,74.8,38.5,2511.1,27.9,3,7,11.7,29.9,15.1,19.1,14.7, 1.0,8.4
Anadia,2010,29352,0,12.9,64.4,22.7,176,671,2.3,0,355,0,-125,101,61,1,14,14971,44,30,22,4,5,3,4734,0,0,3,0,1,17.6,3180,8909,15,23,905,13,3,30,9212,994,40,378,1153,6,201,15060,17722,2662,73.3,31.1,5236.2,53.8,6,9,13.2,32.3,12.9,16.6,12.9, 1.0,11.1
Angra do Heroísmo,2010,35489,0,16.9,68.7,14.4,85,442,1.2,0,419,0,-93,193,129,3,9,14952,55,35,24,3,4,4,6629,2,710,1,55,0,15.9,3921,9291,9,29,0,18,2,58,8266,2447,36,3188,795,3,223,19029.7,19092.3,63,76.5,37.8,3065.7,61.8,2,8,9.5,29.9,16.4,18.7,12.7, 0.9,11.9
Ansião,2010,13220,0,13.2,61.6,25.1,190,211,1.6,0,194,0,-116,41,22,1,5,8426,33,12,9,3,4,2,2663,0,0,0,0,1,15.9,1515,4174,13,26,835,8,4,14,4891,434,47,478,580,7,135,9477.3,10460.4,983,72.4,21.5,3393.3,43.1,3,1,17.7,32.6,11.0,16.6,13.7, 1.2,7.1
Arcos de Valdevez,2010,23046,0,11.5,58,30.5,264,145,0.6,0,393,0,-250,81,45,0,6,17196,54,12,4,2,3,2,3833,0,0,0,0,1,8.6,1900,4304,11,26,758,12,1,17,8411,783,45,604,866,6,326,22565.9,23264.4,699,73.2,33.8,3738.9,42.8,4,4,25.0,34.4,9.9,13.8,10.1, 0.5,6.4
Arganil,2010,12262,0,11.5,60.1,28.4,247,250,2,0,211,0,-123,29,19,0,4,10888,26,9,8,2,3,1,3161,0,0,0,0,0,7.9,1113,3105,17,20,737,5,3,11,5026,656,53,732,488,7,224,13848.3,10760.8,-3088,69.7,29.8,4488.8,43.6,2,1,18.1,35.3,11.1,18.2,11.6, 0.5,5.3
Armamar,2010,6399,0,12.9,62.1,25,194,33,0.5,0,102,0,-57,12,9,0,2,4925,32,8,10,1,1,0,770,0,0,0,0,0,5.4,569,1306,19,37,734,2,1,6,2239,233,45,384,308,8,200,8390.5,8437,47,76.7,15.3,3079.3,49.1,3,1,16.0,38.5,13.6,14.8,11.2, 0.6,5.3
Arouca,2010,22505,0,15.6,66.8,17.6,113,88,0.4,0,217,0,-11,108,33,0,7,10693,62,17,26,2,3,1,5106,0,0,2,0,0,9.1,2126,6305,7,15,735,8,1,21,6804,628,39,782,760,5,206,18773.3,17938.7,-835,73.1,17.4,2461,43.6,4,1,13.4,33.2,18.2,16.5,10.3, 1.0,7.4
Arraiolos,2010,7388,0,12.5,61.4,26.1,208,107,1.4,0,103,0,-44,13,11,0,6,4728,30,7,7,1,1,1,1146,0,0,0,0,1,23.9,791,1798,11,35,807,3,2,8,2782,273,47,239,272,6,142,9326.3,9667.9,342,78.7,18.3,3859.1,68.1,4,2,17.1,28.9,12.6,18.9,14.2, 0.7,7.5
Arronches,2010,3193,0,10.1,58.5,31.3,309,52,1.6,0,68,0,-49,7,8,0,3,2539,4,4,3,1,1,0,322,0,0,0,0,1,11.1,269,527,21,41,717,1,1,5,1509,280,62,163,120,6,103,5314.1,5647.6,334,84.6,8.8,3065.4,71.4,5,0,22.7,31.5,11.3,15.6,11.7, 0.4,6.8
Arruda dos Vinhos,2010,13246,0,18.4,64.2,17.4,95,698,5.3,0,128,0,15,44,39,0,2,6685,58,6,7,1,2,2,2914,0,0,0,42,0,15.3,1537,4425,16,23,981,7,1,19,3375,425,35,220,434,5,252,9945,9790.9,-154,51.6,30.1,3007.9,38.2,2,0,9.5,26.6,12.5,18.3,17.9, 1.3,13.9
Aveiro,2010,78274,0,14.9,68.8,16.3,109,3774,4.8,0,697,0,102,362,261,2,21,40470,150,53,38,11,15,7,16828,5,11901,3,475,15,2,9520,31342,11,23,1092,68,2,154,18269,4863,35,1979,4047,8,546,44342.4,46047.7,1705,24.2,53.2,8410.1,86.4,2,17,7.1,22.4,12.3,20.0,15.7, 1.0,21.5
Avis,2010,4627,0,10.5,59.9,29.6,283,116,2.5,0,102,0,-77,12,11,0,5,3658,23,4,5,1,1,1,596,0,0,1,0,0,15.5,412,862,19,41,905,2,2,8,1994,231,54,356,262,9,206,8692.9,8785.1,92,80.7,28.3,6401.5,168.2,1,2,20.9,32.2,12.2,15.9,11.7, 0.7,6.4
Azambuja,2010,21818,0,14.8,65,20.2,136,1048,4.8,0,250,0,-53,86,64,0,6,11890,42,9,15,3,4,1,3684,0,0,0,0,1,5.4,1684,5939,26,61,1106,8,5,36,7064,1087,44,765,1002,7,358,16626.4,16443.3,-183,51.3,36,7532.2,39.8,6,2,12.4,29.5,13.0,20.1,15.7, 0.9,8.4
Baião,2010,20707,0,15.4,66.1,18.5,120,44,0.2,0,250,0,-97,75,38,0,6,11597,44,18,26,3,3,1,3698,0,0,2,0,0,5.9,1211,3749,10,15,745,5,2,10,6081,536,38,2705,1926,14,334,15391.6,14773.8,-618,81.1,26.3,1852.4,32.5,5,1,19.7,35.2,14.8,16.2,9.4, 0.5,4.3
Barcelos,2010,120787,0,16.8,70.1,13.1,78,901,0.7,0,840,0,225,523,208,4,27,47218,359,96,88,10,15,9,24655,2,2643,1,0,2,10.4,11868,44856,6,9,776,41,6,99,27350,2429,30,3267,5843,7,682,52480.2,55873.7,3394,60.4,24.1,3667.1,33.8,5,5,9.3,30.1,20.6,20.0,12.2, 0.7,7.1
Barrancos,2010,1845,0,13.1,62.9,24,184,5,0.3,0,37,0,-22,2,1,0,1,1289,2,1,1,1,1,0,281,0,0,1,0,0,8.8,190,328,27,63,755,2,0,2,598,145,47,76,124,11,103,4509,4880.9,372,94.4,8.1,3101.2,100.3,1,1,15.2,27.5,15.2,18.1,17.7, 0.3,5.9
Barreiro,2010,78969,0,14.2,64.8,20.9,147,3278,4.2,0,900,0,-124,366,247,2,22,41671,43,38,26,8,11,6,14856,1,692,1,167,5,5.2,6646,14276,7,23,1044,31,0,106,24026,5753,44,4586,4316,8,819,37304.2,40246.6,2942,33.5,40.5,3325.4,71.1,6,0,7.8,27.6,11.1,21.2,18.5, 1.0,12.8
Batalha,2010,15796,0,15.9,65.9,18.2,115,648,4.1,0,131,0,20,84,31,0,4,8283,40,14,10,2,2,1,3434,0,0,0,0,1,14.2,1931,8055,14,15,883,12,2,21,4193,389,34,251,504,5,101,12174.8,11527.5,-647,56,38.9,5195.8,42.5,7,5,11.1,30.0,13.1,19.5,15.1, 1.3,10.0
Beja,2010,35939,0,15.1,64.5,20.4,135,1238,3.4,0,504,0,-114,145,100,1,12,20071,23,24,21,4,6,3,7403,4,2779,5,112,1,10.5,4287,9038,5,13,964,20,4,59,11156,2939,46,2377,1409,6,541,25998,26210.7,213,65.7,31,3668.9,67.9,7,7,11.8,23.0,10.9,20.7,16.5, 1.0,16.1
Belmonte,2010,6915,0,11.9,63,25.1,211,34,0.5,0,99,0,-50,26,15,0,2,4928,18,7,4,1,1,1,903,0,0,1,0,0,31,643,2029,34,42,780,5,2,12,2435,298,45,363,421,10,63,7720,7968.1,248,83.6,45.1,2921.2,37,3,2,16.3,34.2,11.6,15.8,13.2, 0.9,8.0
Benavente,2010,28738,0,18.4,66,15.7,85,2527,8.8,0,248,0,74,97,78,0,6,14702,46,15,9,3,4,2,5150,0,0,0,0,0,6.5,2827,10268,19,17,1017,19,4,41,6763,1141,33,1086,1511,8,388,16771.2,15593.9,-1177,39.8,48.1,5599.2,25.8,10,1,9.8,24.7,14.4,21.7,17.7, 1.2,10.5
Bombarral,2010,13248,0,13.9,64.1,22.1,159,487,3.7,0,209,0,-112,55,53,0,4,8008,39,12,9,1,1,1,2208,0,0,1,0,0,3.4,1617,3828,11,15,802,8,2,18,3879,451,38,392,580,7,231,7538.3,8129.3,591,55.1,44.8,4077.6,69.1,4,1,12.8,32.1,13.7,18.5,13.6, 0.9,8.4
Borba,2010,7381,0,11.8,61.9,26.3,222,143,1.9,0,91,0,-44,23,13,0,5,4176,18,5,5,1,1,0,974,0,0,1,0,1,10.7,897,1743,9,26,894,4,2,7,3145,242,52,402,347,8,229,6632.6,7041.4,409,67.3,16.4,4161.4,62.6,7,1,19.2,29.3,13.1,16.3,14.3, 0.8,7.1
Boticas,2010,5807,0,10.1,59.4,30.4,300,28,0.5,0,89,0,-59,33,4,0,2,4638,20,6,1,1,1,0,544,0,0,1,0,0,6.8,401,821,29,38,702,2,1,2,2263,226,48,332,283,8,134,7883.7,9226,1342,82.6,25.1,3397.3,40.3,2,1,24.6,39.7,11.1,9.9,9.2, 0.5,5.0
Braga,2010,180948,0,16.8,70.8,12.4,74,5282,2.9,0,1164,0,644,843,448,4,36,84368,445,108,87,21,24,15,42204,5,17248,7,321,17,14.2,19457,66811,8,20,960,110,5,238,35869,8668,29,8093,10526,8,1771,81048.3,85707.7,4659,48.9,39.9,3717.9,66.8,6,22,6.9,22.3,13.0,20.3,17.3, 0.9,19.2
Bragança,2010,35413,0,12.7,65.5,21.8,172,761,2.1,0,405,0,-135,162,94,1,8,24735,66,17,25,3,6,4,7208,5,5527,4,0,3,7.5,3745,7822,5,40,842,19,6,57,10083,3241,43,915,1772,8,367,32963.9,34118,1154,57.5,34.4,3569.9,37.3,7,11,13.0,25.8,10.2,16.6,15.3, 1.1,18.0
Cabeceiras de Basto,2010,16828,0,16.9,64.4,18.7,111,88,0.5,0,168,0,-28,78,25,0,4,9276,47,24,10,2,2,2,3842,0,0,1,0,0,1.8,1213,3193,6,17,707,8,1,12,4592,565,37,1290,1386,13,294,17714.4,16345.8,-1369,81.9,25.5,1894,35.4,2,0,16.3,28.9,17.2,18.3,11.6, 0.7,7.0
Cadaval,2010,14257,0,14.4,60.8,24.8,172,388,2.7,0,203,0,-74,50,15,0,5,8726,30,13,14,1,2,1,1857,0,0,1,0,0,9,1486,3497,12,24,868,5,3,13,4309,526,40,321,535,6,220,9370.4,9278,-92,61.6,31.3,3834,54.8,3,1,14.9,33.8,13.2,17.0,13.7, 0.8,6.6
Caldas da Rainha,2010,51710,0,15.1,65.2,19.7,130,2405,4.7,0,542,0,-78,155,150,3,15,30762,98,40,41,5,7,5,10562,2,1180,4,15,5,17,6271,17204,14,18,887,27,6,83,13860,2512,37,1057,2782,8,320,26927.7,24354.3,-2573,45.5,40.5,3929,46.4,6,10,10.6,26.6,11.1,20.7,17.0, 1.1,12.9
Calheta [R.A.A.],2010,3809,0,14.9,65.1,20,135,13,0.3,0,45,0,-28,17,4,0,2,2380,4,6,4,2,2,1,620,0,0,1,0,0,3.8,356,875,23,28,0,5,1,8,976,171,36,274,71,3,116,4119.9,4561.9,442,85.3,40.2,2666.3,0,3,0,16.7,36.6,14.9,17.7,7.9, 0.4,5.9
Calheta [R.A.M.],2010,11585,0,15.4,62.6,22,143,317,2.7,0,168,0,-82,24,22,0,4,7223,51,10,10,2,2,2,1988,0,0,0,0,0,5.4,625,2201,39,80,1206,9,0,14,3989,308,44,449,460,6,133,7981.2,9081.3,1100,74.6,14,2760.1,36.2,5,12,19.6,34.4,12.9,13.9,10.9, 0.8,7.5
Câmara de Lobos,2010,35686,0,21.3,68.9,9.8,46,197,0.6,0,253,0,165,109,77,0,8,13323,58,23,17,4,4,2,6719,0,0,0,0,0,7.7,1632,5679,15,27,899,11,0,21,7195,542,28,2171,2367,10,258,16670.9,17751,1080,63.2,24.7,2001.3,17.5,5,4,17.5,32.0,17.6,17.1,10.0, 0.8,5.0
Caminha,2010,16778,0,12.5,65.3,22.1,176,342,2,0,215,0,-105,63,36,0,5,13886,60,13,11,2,5,4,3628,0,0,1,0,0,8.5,2124,4421,12,19,911,11,2,22,5043,854,40,388,708,6,300,16779.2,16293.8,-485,58.9,49.1,3285.2,43.7,6,7,11.2,29.9,12.4,18.9,15.6, 0.9,11.1
Campo Maior,2010,8481,0,15.6,63.6,20.8,133,378,4.5,0,122,0,-46,38,24,0,3,4720,12,4,5,1,1,1,1818,0,0,2,0,1,28.9,715,3502,43,68,1153,3,1,10,2537,507,43,767,416,8,244,7462.9,7522.9,60,74.2,25.7,5298.5,80.5,13,1,16.2,27.0,11.9,19.7,15.8, 0.9,8.6
Cantanhede,2010,36778,0,13,63.2,23.8,183,490,1.3,0,452,0,-212,132,82,2,16,20470,110,26,31,6,6,4,5930,0,0,1,0,0,12,4136,10510,11,32,958,18,7,53,11853,1403,41,1244,1300,6,317,29189,18982.2,-10207,62.1,37.8,5124.4,64.7,1,2,15.2,31.7,11.9,16.6,12.9, 0.9,10.9
Carrazeda de Ansiães,2010,6470,0,10.8,56.8,32.4,301,98,1.5,0,118,0,-91,22,8,0,2,5302,15,7,7,2,1,2,861,0,0,0,0,0,1.4,573,983,7,28,750,2,1,3,2624,338,52,204,291,8,177,7995.3,9629.4,1634,80.8,36.3,2424.5,38.9,4,1,20.8,40.4,10.3,12.0,9.3, 0.5,6.6
Carregal do Sal,2010,9879,0,14.6,61.6,23.9,164,133,1.3,0,133,0,-55,40,20,0,4,6654,23,15,10,2,3,1,1793,0,0,0,0,0,10.6,813,2773,23,31,830,5,2,12,3185,336,42,786,407,7,121,7854.2,7436,-418,78.4,30.6,2819.8,27.6,7,1,15.5,34.6,13.8,17.4,11.7, 0.5,6.6
Cartaxo,2010,24485,0,15,64.8,20.2,135,1033,4.2,0,305,0,-87,115,92,0,8,13280,50,9,15,3,3,1,3772,0,0,2,137,1,19.4,2380,6072,9,26,944,12,3,32,6464,1092,36,761,917,6,444,16496.7,19626,3129,33.4,34.1,4900.2,26.3,10,1,10.0,27.8,12.9,20.7,16.5, 1.1,11.1
Cascais,2010,204767,0,16.9,66.2,16.9,99,22134,10.8,0,1870,0,539,699,630,5,43,108676,190,111,91,27,24,17,38227,2,2113,5,257,14,8,27963,70396,5,16,1180,136,1,317,44021,14884,34,7461,9063,7,1537,151284.9,147479.2,-3806,24,42.3,3523.4,174.6,20,42,5.6,17.5,8.9,19.6,21.4, 1.6,25.4
Castanheira de Pêra,2010,3234,0,10.9,59.5,29.6,272,52,1.6,0,57,0,-36,10,5,0,1,2711,5,1,2,1,1,0,325,0,0,1,0,0,2.6,268,711,31,34,785,2,1,3,1678,155,64,187,180,9,83,4162.4,4613.1,451,82.9,35.3,4054.5,50.4,1,1,18.2,39.7,10.1,15.9,10.3, 0.7,5.1
Castelo Branco,2010,56221,0,13,64.1,22.9,177,1251,2.2,0,691,0,-244,218,149,1,17,38198,66,32,24,6,9,6,11196,5,3615,3,68,5,11.5,5701,13268,7,9,873,37,3,86,16777,4224,43,2152,2985,8,520,38729.7,41289,2559,64,31.8,3883.8,3.8,1,5,12.3,27.3,9.2,18.5,16.9, 0.9,14.9
Castelo de Paiva,2010,16825,0,16.7,68.4,14.9,90,58,0.3,0,136,0,10,80,37,0,4,7411,38,21,19,2,2,2,3514,0,0,0,0,0,3.5,1148,3840,20,34,721,3,1,9,4484,407,35,676,1600,14,169,8454.8,9728.2,1273,77.5,30.7,2757.1,25,4,1,10.4,30.2,24.0,19.1,10.4, 0.7,5.2
Castelo de Vide,2010,3450,0,11.5,59.3,29.2,254,86,2.5,0,68,0,-48,13,9,0,2,2887,5,3,2,1,1,0,466,0,0,0,0,1,33.6,330,506,9,29,795,2,1,5,1421,339,58,186,122,6,171,5192.5,5570.2,378,79.9,19.4,4535.1,101.5,4,3,18.9,29.7,9.6,19.1,12.9, 0.5,9.4
Castro Daire,2010,15468,0,13.6,60.5,25.9,190,106,0.7,0,209,0,-117,52,28,0,5,12513,51,16,12,2,4,2,2720,0,0,0,0,0,3.2,1171,3056,9,16,742,6,3,12,5979,556,49,729,564,6,252,13135.9,13684.5,549,77.2,12.3,2404.6,20.2,4,1,20.8,36.0,13.1,15.1,9.5, 0.4,5.3
Castro Marim,2010,6749,0,13,60.6,26.3,202,630,9.3,0,95,0,-45,29,15,0,2,8351,20,5,5,1,1,0,751,0,0,1,0,0,17.2,703,1637,12,20,815,3,2,13,2050,363,41,386,269,7,156,13485.1,11447.6,-2037,37.8,39.9,6125.6,212.5,7,3,16.4,30.1,13.6,18.0,13.7, 0.6,7.6
Castro Verde,2010,7325,0,13.4,62.7,23.9,178,148,2,0,120,0,-68,18,6,0,3,4813,22,7,6,1,2,1,1103,0,0,2,145,1,18.9,692,2201,45,89,1605,5,1,13,2509,296,44,278,336,7,233,12391.7,11458.1,-934,64.8,17.2,29960.2,37.8,3,2,14.7,30.1,11.5,19.0,13.8, 1.0,9.9
Celorico da Beira,2010,7796,0,12.6,58.9,28.6,228,71,0.9,0,130,0,-86,30,24,0,4,6290,9,12,3,1,1,1,1165,0,0,1,0,0,6,655,1622,26,34,736,4,1,11,2546,351,43,363,292,6,303,12446.2,9203.3,-3243,80.1,24.4,2766.3,22.1,3,3,19.4,36.7,8.9,16.7,10.7, 0.8,6.9
Celorico de Basto,2010,20181,0,15.7,65.4,18.9,121,48,0.2,0,200,0,-32,83,25,0,5,10574,77,16,18,3,4,2,4771,0,0,0,0,0,8.5,1219,3328,16,27,704,5,1,9,5580,410,35,1879,1437,11,302,19542.8,15543,-4000,75.7,27.8,1879.5,34.2,1,0,16.0,33.3,15.7,17.3,11.4, 0.7,5.6
Chamusca,2010,10215,0,11.3,61.7,26.9,238,106,1,0,150,0,-83,13,23,0,9,6203,12,10,8,1,1,1,1149,0,0,0,0,0,11.8,936,2485,12,32,834,3,3,14,4368,417,53,348,462,7,161,10003.7,11030.3,1027,75.1,42,4470.3,44.4,10,0,17.5,35.1,13.4,16.9,10.4, 0.5,6.2
Chaves,2010,41561,0,12.2,64.1,23.7,194,545,1.3,0,540,0,-286,157,115,1,12,28240,59,39,40,3,6,4,8742,2,737,2,0,1,7.6,3979,8828,5,13,817,18,3,46,11586,2873,40,1970,2417,9,504,28283,29110.7,828,66.6,30.8,3051.6,48.3,2,12,13.5,31.9,10.9,16.3,14.7, 0.6,12.0
Cinfães,2010,20601,0,15,64.6,20.3,136,83,0.4,0,236,0,-72,80,36,0,8,11593,78,21,29,2,3,2,4137,0,0,1,0,0,11.3,1156,3233,12,16,711,4,2,10,6104,538,38,2364,1470,11,321,13287.8,15399.4,2112,91.5,27.5,1766.2,35.1,4,1,18.1,36.0,18.5,14.0,8.8, 0.4,4.2
Coimbra,2010,143945,0,12.7,67.6,19.7,156,6344,4.4,0,1373,0,-187,637,398,12,49,79117,263,79,81,20,26,17,29466,18,34285,5,583,18,11.6,19340,44602,4,16,1061,110,8,285,37023,15363,42,5316,6066,6,1454,79947.8,77330.1,-2618,31.9,43.7,5611.1,67.8,13,22,7.4,21.5,8.9,17.4,16.9, 1.0,26.9
Condeixa-a-Nova,2010,17029,0,16.1,65.7,18.2,113,270,1.6,0,178,0,5,52,55,1,5,8482,36,10,9,1,2,1,1734,0,0,2,0,0,4.1,1688,3778,16,41,895,7,1,20,4493,965,38,474,532,5,217,11887.1,12087.8,201,54.3,28,3283.3,51.4,4,1,11.9,25.6,9.1,18.0,17.0, 1.1,17.3
Constância,2010,4039,0,15,64,21,140,51,1.3,0,28,0,3,16,10,1,2,2170,5,5,5,1,1,1,653,0,0,1,0,1,14.6,286,978,38,69,1098,4,1,6,962,243,35,125,167,6,112,6706.1,6263.6,-442,75.1,33.2,25848.3,48.3,8,1,11.8,29.8,11.3,19.7,16.2, 1.0,10.2
Coruche,2010,20085,0,12.1,59.1,28.8,238,343,1.7,0,291,0,-154,46,35,0,7,12553,26,14,15,2,4,2,2781,0,0,1,0,0,6.2,1958,4957,14,36,916,6,2,19,8324,751,52,886,1163,10,420,18600.9,18722.8,122,75.5,39.9,5945.6,24.3,9,2,20.9,33.7,10.6,15.5,11.7, 0.7,6.9
Corvo,2010,417,0,11.3,67.7,21,186,27,6.5,0,6,0,-3,1,0,0,0,190,0,1,1,1,1,0,59,0,0,0,0,0,10.4,83,87,9,60,0,2,0,2,80,46,34,30,13,5,40,1650.9,1732.2,81,97.7,19.2,2965.7,19.2,3,0,11.4,36.6,17.3,15.4,12.5, 0.3,6.5
Covilhã,2010,52081,0,12.4,64.8,22.7,183,676,1.3,0,604,0,-208,163,115,1,21,35189,88,46,27,7,10,6,10152,1,5960,1,0,4,11.4,4713,12575,11,16,842,30,2,78,19252,2399,48,2059,3581,11,353,29585.9,29256,-330,61.4,24.9,4250.4,7.4,0,9,12.5,29.9,10.7,18.1,15.0, 0.9,12.8
Crato,2010,3766,0,10.2,57.6,32.2,318,95,2.5,0,79,0,-54,16,6,0,5,3255,5,3,2,1,1,1,456,0,0,0,0,0,18.1,382,650,10,21,744,2,2,5,1853,273,63,206,178,8,116,6967.8,7369.2,401,81.3,18.9,3258.8,209.5,2,1,20.9,36.2,11.2,16.1,9.3, 0.5,5.7
Cuba,2010,4895,0,14.2,61.7,24.1,170,158,3.2,0,83,0,-46,16,7,0,3,3009,17,5,4,1,2,1,816,0,0,0,0,1,7.6,447,732,10,20,820,2,1,6,1743,242,47,356,218,7,127,5929.4,5808.8,-121,79.5,27.2,3260.3,99.9,2,0,15.3,29.6,11.5,19.0,14.9, 0.8,8.9
Elvas,2010,23122,0,15,63.1,22,147,803,3.5,0,274,0,-37,73,67,1,10,13348,39,20,14,4,4,2,4443,1,299,2,157,0,20.8,2445,5306,4,16,808,14,4,26,6741,2013,45,2951,1451,10,247,17644.2,20101.3,2457,60,40.9,3586.9,99.9,4,10,13.6,26.4,12.7,20.4,16.3, 0.9,9.7
Entroncamento,2010,20147,0,16.6,66.5,16.9,102,503,2.5,0,162,0,35,91,76,1,4,10701,28,9,7,2,3,3,3977,0,0,0,0,0,10.4,1870,6156,35,43,1074,11,1,26,4487,1395,35,519,722,5,299,14722.4,14622.8,-100,44.5,25.3,4259.7,52.4,5,1,5.9,21.4,10.3,22.2,21.3, 1.3,17.6
Espinho,2010,31983,0,13.3,67.6,19.1,143,669,2.1,0,311,0,-74,232,97,1,9,15738,16,19,16,4,7,6,7595,1,51,1,74,1,10.9,3456,8692,19,32,855,20,1,47,10061,1645,42,1750,3441,16,652,22899.1,24130.7,1232,43.5,41.1,3242.7,119.3,4,5,9.8,30.8,12.7,17.8,13.9, 0.6,14.3
Esposende,2010,34315,0,17.1,69.2,13.7,80,401,1.2,0,274,0,54,175,66,2,8,20904,158,23,24,4,6,2,7247,0,0,2,0,1,7.5,3948,11945,8,30,781,18,2,44,7169,883,28,579,1391,6,165,16764.5,18630.6,1866,54.3,37.4,3521.9,76.6,14,8,9.6,26.9,18.6,19.1,13.6, 0.9,11.4
Estarreja,2010,27094,0,14.9,66.1,19,128,290,1.1,0,302,0,-67,97,61,1,6,12796,52,21,15,3,4,1,5050,0,0,1,111,2,18.2,2555,7466,15,52,1047,12,2,28,7454,760,36,1247,1312,7,245,20562.7,21084.6,522,52.6,45.9,21855,54.4,5,2,10.4,31.4,15.6,20.1,12.5, 0.7,9.3
Estremoz,2010,14415,0,11.7,59.9,28.4,243,372,2.6,0,216,0,-124,50,39,0,7,9434,10,13,14,2,3,2,3193,0,0,0,0,0,5.6,1817,3850,7,16,860,6,4,19,5419,774,49,778,551,6,284,15590,14329.4,-1261,73.9,22.3,3625.1,63.1,4,8,17.7,28.1,10.6,18.0,15.6, 0.8,9.2
Évora,2010,56716,0,14.5,66,19.5,134,1875,3.3,0,612,0,-107,228,151,3,22,29136,69,36,28,5,8,5,11851,2,8119,3,243,2,10.1,6984,16978,12,22,992,40,5,106,16114,4953,43,2455,2655,7,1204,41773.5,43457.5,1684,54.1,35.6,5110.4,66.7,7,16,9.7,22.4,10.9,18.7,18.7, 1.0,18.5
Fafe,2010,50890,0,15.7,69,15.3,98,167,0.3,0,472,0,-18,204,112,1,9,25133,139,35,28,6,8,2,9805,2,594,1,0,0,8,4396,14884,7,11,708,14,1,39,13432,1236,34,2551,3835,11,519,30228.2,33947,3719,63.6,35.8,2976,40.6,9,2,11.6,32.9,18.3,16.9,11.2, 0.5,8.5
Faro,2010,64316,0,15.4,67.5,17.1,111,7196,11.2,0,609,0,68,338,193,2,18,37731,38,28,23,9,9,6,13472,8,8086,2,33,10,12.4,9294,22443,5,14,1068,52,6,128,14395,4609,35,2889,3149,7,923,27536.6,30989.7,3453,39.1,53.6,4590.6,149.7,4,21,8.2,21.6,9.5,20.0,19.8, 1.1,19.8
Felgueiras,2010,58231,0,17.6,70.7,11.7,66,231,0.4,0,377,0,125,241,121,1,12,24236,116,42,40,5,8,5,14710,2,1348,0,0,0,10.2,5067,25567,4,6,691,23,5,48,11763,892,26,2198,3505,9,757,35298.9,34616.6,-682,61.4,38.4,3418.7,15,4,3,10.9,34.3,17.3,19.0,11.9, 0.7,6.0
Ferreira do Alentejo,2010,8316,0,12.3,62.3,25.4,206,259,3.1,0,131,0,-61,23,21,1,7,5154,7,10,8,1,1,1,1015,0,0,0,0,1,9.9,1009,2175,18,25,915,3,1,10,3307,359,50,559,482,9,277,11419.8,11313.9,-106,76.5,26.7,4282.2,48.8,4,3,19.4,30.8,12.4,17.8,11.7, 0.7,7.2
Ferreira do Zêzere,2010,8679,0,13,59.2,27.8,213,165,1.9,0,149,0,-98,36,20,0,4,7500,31,8,7,1,1,1,1191,0,0,0,0,0,3.8,753,2081,19,46,750,3,1,7,3426,299,50,234,219,4,146,11373.4,9790.8,-1583,73.3,37.2,4554.7,42.5,6,2,19.3,35.0,11.6,16.3,11.9, 0.8,5.1
Figueira da Foz,2010,62329,0,13.5,64.9,21.6,160,1972,3.2,0,730,0,-217,240,181,1,23,43180,126,37,41,5,9,5,10596,0,0,1,514,5,12,6648,19312,10,48,1090,27,4,83,18022,3519,40,2818,3400,8,580,27169.4,30293.2,3124,43.5,37.7,22597.7,58.7,14,19,12.3,26.5,11.2,19.6,16.0, 0.8,13.6
Figueira de Castelo Rodrigo,2010,6333,0,11.1,57.6,31.3,281,67,1.1,0,129,0,-89,20,2,0,3,5395,10,7,2,1,1,1,794,0,0,0,0,0,15.2,592,1057,10,32,883,4,1,8,2351,487,51,510,210,6,134,8567.4,8785.3,218,83.5,27.3,2943.8,32.2,8,3,20.6,36.0,11.7,14.3,9.4, 0.6,7.4
Figueiró dos Vinhos,2010,6254,0,11.1,59.6,29.3,264,66,1.1,0,99,0,-67,20,10,0,6,4853,10,5,3,1,1,1,904,0,0,0,0,0,11.2,625,1137,9,26,768,2,1,5,2567,357,53,472,374,10,192,6320.3,6639.7,319,81.2,32.5,2762.6,42.9,8,0,18.8,35.1,11.4,15.6,11.5, 1.0,6.6
Fornos de Algodres,2010,5040,0,11.8,59.6,28.6,241,16,0.3,0,102,0,-78,10,4,0,2,4038,10,11,2,1,1,1,764,0,0,0,0,0,3.7,417,967,13,22,708,2,1,4,1829,270,48,305,246,8,112,24738.2,6029.6,-18709,74.9,20.8,2550.7,29.4,3,0,19.5,40.2,9.3,14.2,9.5, 0.7,6.6
Freixo de Espada à Cinta,2010,3819,0,11.5,55.4,33.1,288,95,2.5,0,79,0,-56,18,3,0,1,3135,10,6,1,1,1,0,385,0,0,0,0,1,5.5,287,658,36,57,671,2,1,3,1519,335,55,85,220,10,184,7715.1,9164.5,1449,91.5,25.9,2910.2,30.4,3,0,22.6,38.0,11.9,13.5,8.3, 0.6,5.0
Fronteira,2010,3450,0,12.2,60.9,26.8,219,89,2.6,0,63,0,-51,11,3,0,3,2595,6,3,2,1,1,1,627,0,0,0,0,0,28.8,370,775,15,28,788,2,2,4,1409,182,53,146,194,9,93,5593,5501.3,-92,82.3,18.6,3531.6,109,3,1,19.9,28.5,13.3,17.4,12.5, 0.5,7.9
Funchal,2010,111795,0,15.5,69.8,14.7,95,4527,4,0,1164,0,-177,514,273,9,27,51775,113,71,46,14,19,22,27107,4,3574,8,519,13,7,11985,45843,8,16,1075,101,0,190,28211,6413,36,4805,6208,8,1744,72530.2,78261.1,5731,29.4,33.9,3760,93.5,25,100,9.2,25.6,13.8,18.4,15.8, 1.3,15.9
Fundão,2010,29432,0,12.3,60.8,26.9,219,456,1.5,0,425,0,-241,114,63,1,10,21961,53,26,24,4,7,3,4737,0,0,1,0,0,6.4,2827,7108,6,13,787,13,3,39,10267,1304,45,1124,1594,9,273,22092.8,24670.8,2578,57.2,26.4,3785.8,33.6,2,5,17.5,31.1,10.9,18.0,12.0, 1.0,9.5
Gavião,2010,4185,0,8.7,52.3,39,448,24,0.6,0,88,0,-64,10,3,0,4,3592,3,4,3,1,1,0,364,0,0,0,0,0,3.6,303,591,14,32,739,2,1,6,2259,338,68,210,204,9,134,6210.3,6635.6,425,80.1,19.1,2794,84.8,8,0,21.6,38.4,11.6,16.1,8.0, 0.5,3.8
Góis,2010,4313,0,11.5,55.9,32.6,282,99,2.3,0,98,0,-78,16,10,0,3,5167,12,5,4,1,1,0,449,0,0,0,0,0,23.1,378,995,26,47,705,1,1,4,2000,269,60,159,128,5,159,7466.7,7838.5,372,77.2,30.4,2756,40.3,5,0,21.9,35.2,9.7,17.4,10.4, 0.7,4.8
Golegã,2010,5488,0,13.6,63.3,23.1,169,42,0.8,0,77,0,-42,32,12,0,3,3113,13,3,2,1,1,1,747,0,0,0,0,0,7.7,530,1218,15,38,789,3,2,6,2129,325,52,156,204,6,147,6170.7,6230.9,60,71,38.1,4841.4,50.3,4,1,13.0,30.1,12.8,19.2,14.5, 0.8,9.6
Gondomar,2010,168278,0,15.5,70.4,14.1,91,1533,0.9,0,1250,0,248,498,501,1,32,73257,154,68,67,11,16,7,26661,0,0,0,11,12,8.9,14882,33395,3,29,868,50,2,115,39473,6375,32,16111,12037,10,1854,65199.4,65006,-193,44.3,30.4,2610.5,51,11,1,7.8,28.8,14.4,20.4,16.4, 1.0,11.1
Gouveia,2010,14212,0,10.9,58.4,30.7,282,140,1,0,248,0,-181,44,28,0,7,11165,16,17,9,2,2,2,2182,0,0,3,53,1,7.5,1212,2563,8,21,735,5,3,18,6017,732,54,738,844,10,185,9917.6,11461.4,1544,79.1,24.3,2899.7,27.9,6,3,16.9,38.4,10.3,14.8,10.2, 0.6,8.8
Grândola,2010,14902,0,12.8,61.9,25.3,197,533,3.6,0,227,0,-111,42,35,0,5,12025,57,11,10,1,2,2,2815,0,0,0,71,0,9.7,1943,3656,10,15,912,7,3,23,6040,679,52,653,379,4,428,28134.5,25400.5,-2734,34.6,32.3,4511.4,76.4,3,8,18.5,28.7,13.8,16.7,14.3, 0.6,7.3
Guarda,2010,42748,0,14,66,20.1,144,674,1.6,0,473,0,-174,188,89,2,13,27779,59,32,26,4,6,3,9164,3,2541,1,249,4,10.9,4509,11062,7,27,894,27,2,72,11638,2823,39,1578,2120,8,596,25130.2,28977,3847,62.2,24.7,4248.1,34.4,8,6,10.5,25.7,9.1,20.9,15.8, 1.0,17.0
Guimarães,2010,158611,0,15.9,71.1,12.9,81,1330,0.8,0,1084,0,285,643,373,2,33,66572,275,95,84,17,20,8,29868,1,115,5,104,12,8.2,14228,61346,4,7,806,69,3,180,39308,3091,32,4835,12855,11,1638,79868.3,77554.2,-2314,55.3,33.8,5264.7,61.6,5,13,9.0,31.4,16.1,20.2,13.2, 0.7,9.3
Horta,2010,15006,0,16.1,68.9,14.9,92,556,3.7,0,147,0,5,58,46,1,5,7034,16,13,12,1,1,2,2629,0,0,2,0,2,6.8,2148,3938,8,13,0,12,1,26,3407,1295,37,903,391,4,192,9866.2,10249.9,384,69,38.1,3192.4,0,31,6,7.3,29.4,16.0,20.1,14.8, 1.1,11.3
Idanha-a-Nova,2010,9883,0,9.5,47.9,42.5,446,255,2.6,0,278,0,-229,28,18,0,8,11817,26,10,6,1,1,2,1351,1,759,1,0,1,12,879,1734,16,26,741,2,3,12,4808,1156,68,378,386,8,266,15825.3,15944.8,120,81.7,45.6,3632.9,4,6,7,28.1,36.6,8.5,13.0,8.4, 0.3,5.1
Ílhavo,2010,38583,0,15.9,68.2,15.9,100,1105,2.9,0,298,0,68,98,133,0,8,21886,115,23,19,3,5,2,5926,0,0,2,0,0,6.7,3945,12277,21,25,1001,17,2,33,9003,1592,33,1138,2045,8,409,28645.1,30698.3,2053,42.3,45.9,5635.3,89.5,6,6,8.0,27.6,13.6,20.1,14.6, 0.9,15.2
Lagoa,2010,22878,0,16.7,66.1,17.2,103,4146,18.1,0,183,0,48,62,60,0,7,19558,49,13,9,4,5,2,3867,0,0,0,106,0,19.5,3215,8579,9,16,943,18,4,40,4994,816,30,998,1386,9,489,28147.3,27207.2,-940,17.5,70.7,6204.7,371.5,6,33,9.6,24.8,12.7,23.5,18.3, 1.0,10.0
Lagoa [R.A.A.],2010,14428,0,21.2,68.7,10.1,48,114,0.8,0,94,0,104,54,45,0,3,5038,27,12,10,1,1,2,2869,1,229,0,0,0,7.5,1146,2636,14,24,0,6,1,12,0,366,0,2156,364,4,125,10676.6,10825.4,149,65.4,51.6,2463.8,30.2,4,5,10.6,30.9,21.2,19.1,9.9, 0.8,7.6
Lagos,2010,30767,0,16.9,64.4,18.7,111,7065,23,0,257,0,91,169,78,2,8,26928,57,14,17,3,5,3,6662,0,0,2,160,0,15.7,4458,10694,4,14,866,20,4,57,6968,1477,33,1393,1791,9,795,37058.7,37305.1,246,23.9,55.8,5000.5,228.2,8,34,10.6,21.8,11.5,22.0,20.5, 1.3,12.3
Lajes das Flores,2010,1514,0,13.8,65.5,20.7,149,82,5.4,0,15,0,-2,7,4,0,0,994,3,1,1,1,0,0,0,0,0,0,0,0,1.4,297,380,12,51,0,3,0,2,386,78,36,48,24,2,45,5540.1,6473.2,933,78.8,29.7,2518.1,0,0,0,11.0,37.3,14.5,17.7,11.1, 0.9,7.5
Lajes do Pico,2010,4734,0,13.4,65.1,21.5,160,78,1.6,0,49,0,-15,19,9,0,2,3145,8,9,8,1,1,1,739,0,0,1,0,0,14.7,688,1073,12,27,0,5,1,9,1581,274,45,243,99,3,79,10292.1,6927.6,-3364,91.2,14.4,2768.3,2.3,1,2,10.0,37.7,15.4,16.7,11.8, 0.7,7.8
Lamego,2010,26872,0,14.3,66.2,19.6,137,128,0.5,0,314,0,-130,111,52,1,10,16282,113,33,26,4,6,6,5563,2,816,1,0,0,10.3,2375,5639,11,23,811,12,3,28,6893,1515,37,1871,1772,10,273,19540.7,20484.3,944,60.2,20.5,2840.8,40.7,5,8,14.7,29.1,13.6,17.1,13.3, 0.6,11.7
Leiria,2010,126722,0,15.6,67.9,16.5,105,5178,4.1,0,1025,0,128,484,341,2,32,67105,234,98,95,14,15,9,24839,4,7438,7,438,17,10.7,16432,52496,5,9,984,90,10,176,29801,5090,33,3455,4490,5,738,54397.6,57280.2,2883,44.2,32.2,5676.3,79,10,23,10.2,24.8,12.3,20.2,16.6, 1.2,14.7
Lisboa,2010,549210,0,12.9,61.2,25.9,200,43142,7.9,0,7586,0,-1350,2813,1337,39,286,322304,42,278,202,85,97,73,126022,74,119302,42,7781,80,7.8,100307,584866,10,20,1575,739,5,1574,194522,95445,61,28260,23716,7,9983,564333,600698.2,36365,13.7,76.9,6315.4,102.5,15,193,6.8,20.3,8.2,15.6,16.9, 1.1,31.1
Loulé,2010,70099,0,16,65.3,18.7,117,13472,19.2,0,684,0,97,202,179,0,14,65495,183,32,33,10,10,5,13832,1,631,2,0,0,5.9,10658,31062,7,10,966,61,5,115,14224,1826,27,2345,3699,8,1828,97666.8,82321.9,-15345,20.7,67.8,7059.7,251,10,64,11.4,25.7,11.3,21.0,18.4, 1.2,11.1
Loures,2010,204740,0,15.6,67.5,16.9,109,18683,9.1,0,1684,0,703,859,559,1,44,98962,205,94,74,17,23,10,32693,0,0,0,0,7,3.9,20473,69128,9,12,1097,90,7,230,57238,12810,40,9475,8663,6,2206,102663.4,105528.6,2865,33.3,40.4,4444.3,72.4,10,2,7.9,25.2,11.9,20.7,18.0, 1.1,15.2
Lourinhã,2010,25677,0,16,65.7,18.3,115,1231,4.8,0,291,0,-63,94,79,0,6,16952,111,21,21,3,3,1,4347,0,0,1,0,0,4,3222,7822,9,20,794,11,11,39,6852,793,35,894,1059,6,369,20889.1,20875,-14,44,31.9,3376.4,54.7,5,3,13.5,29.5,14.1,18.6,14.6, 1.0,8.8
Lousã,2010,17544,0,17,66.4,16.6,98,510,2.9,0,167,0,10,72,48,0,3,10567,43,12,12,1,2,2,3195,0,0,1,0,0,20,1697,3989,14,34,846,6,1,17,4650,853,38,809,763,7,260,11786.2,12206.5,420,55.8,32.7,3784.5,52.4,10,2,8.9,28.1,12.4,21.4,16.6, 1.0,11.6
Lousada,2010,47381,0,19,70.7,10.3,54,213,0.4,0,306,0,174,173,110,0,8,18610,93,36,35,5,6,4,10443,0,0,0,0,0,5.1,3691,16033,7,11,692,11,1,34,8464,898,24,3101,2807,8,742,30949.4,29155.3,-1794,69,24.1,2869.5,17.4,4,2,10.5,32.8,20.1,20.3,10.1, 0.5,5.7
Mação,2010,7451,0,9.5,52.2,38.3,401,83,1.1,0,177,0,-151,8,10,0,5,6996,8,6,6,1,1,1,1426,0,0,1,0,0,9.6,610,1502,9,32,755,3,2,9,3666,548,63,125,130,3,209,9171.7,9330.1,158,77.8,23.5,3931.2,74.4,4,0,20.2,35.3,10.3,18.0,9.8, 0.6,5.8
Macedo de Cavaleiros,2010,15923,0,12,60.7,27.3,228,137,0.9,0,209,0,-116,55,33,1,4,11641,48,13,6,2,2,1,2492,2,527,2,0,0,7,1601,2826,5,19,778,9,2,18,5093,796,42,556,814,8,311,14973.2,16411.4,1438,72.1,29.4,3051.5,35.6,4,2,16.7,34.5,10.6,15.5,11.6, 0.7,10.4
Machico,2010,21889,0,16.4,70.9,12.7,78,201,0.9,0,191,0,-11,103,41,0,5,9841,34,13,8,3,3,1,4071,0,0,1,45,0,20.8,1421,3871,8,27,953,12,0,26,5474,820,34,896,1639,11,207,11251.4,11992.6,741,59.8,33.3,3151.6,57.5,15,10,13.7,34.5,15.4,16.4,11.2, 1.0,7.8
Madalena,2010,6060,0,14.8,67.1,18.1,122,142,2.3,0,78,0,-25,33,15,0,2,3155,17,5,5,1,1,2,1121,0,0,0,0,0,23.5,885,1617,12,28,0,6,0,13,1826,281,41,232,94,2,91,5797.8,6057.9,260,82,34,3297.1,1.3,3,2,8.4,37.5,12.6,18.4,14.3, 1.2,7.6
Mafra,2010,75499,0,19.4,65.9,14.7,76,4226,5.6,0,574,0,471,381,274,0,15,42764,235,42,22,6,6,4,12413,0,0,3,103,1,8,9695,28266,15,14,898,42,5,100,15168,2560,29,1347,2584,5,1013,54966.1,55236.1,270,44.3,42.1,3591.2,176.5,8,6,7.8,23.1,12.8,20.1,18.9, 1.3,15.9
Maia,2010,134759,0,17,70.2,12.8,75,2281,1.7,0,870,0,643,514,444,1,24,59520,96,68,44,8,12,5,21689,1,4249,0,785,9,14,15181,63923,12,20,1117,80,1,189,27567,4283,28,8974,8469,9,1154,62514.9,68351.4,5836,33,32.3,9678.4,109.7,9,10,5.9,24.5,11.5,19.6,18.1, 1.3,19.1
Mangualde,2010,20001,0,13.9,63.3,22.7,163,428,2.1,0,237,0,-82,107,41,0,8,13123,67,22,16,2,3,1,3639,0,0,0,0,0,4.7,1633,6855,39,74,925,9,2,23,6043,868,40,1074,1145,9,322,14416.1,15386.5,970,56.7,22,8294.9,23.4,7,6,13.2,33.2,13.4,18.1,12.4, 0.5,9.1
Manteigas,2010,3484,0,11,63.8,25.2,229,9,0.3,0,62,0,-43,11,3,0,2,2603,3,3,1,1,2,2,536,0,0,0,0,1,13.3,299,649,18,25,721,1,1,3,1504,199,55,128,212,10,68,6138.7,5962.6,-176,82.5,24.7,3402.5,65.7,2,2,14.1,41.7,10.1,14.1,11.9, 0.8,7.3
Marco de Canaveses,2010,53559,0,18.4,69.2,12.4,68,430,0.8,0,424,0,143,197,121,1,10,24085,128,56,47,4,8,5,12246,0,0,1,0,2,3.9,3723,15941,4,20,728,21,2,39,10800,999,27,5842,3994,11,429,19679,22096.7,2418,73.6,27.8,2818,44.7,9,1,11.7,33.5,18.7,18.7,10.9, 0.7,5.8
Marinha Grande,2010,38594,0,15.4,66.8,17.8,116,1480,3.8,0,345,0,37,129,132,1,8,21892,51,18,21,4,7,5,8176,1,219,2,0,1,10.2,4585,14308,8,17,1103,18,1,48,11650,1325,40,1361,1836,7,303,20252.3,21302.9,1051,38.8,46.5,12393.3,103.9,10,9,9.7,26.5,12.1,21.8,17.7, 1.1,11.1
Marvão,2010,3564,0,9.9,57.4,32.7,329,101,2.8,0,85,0,-64,8,8,0,3,2980,3,2,2,2,2,0,325,0,0,2,0,0,8.7,321,553,16,30,730,2,1,5,1608,247,59,159,110,5,113,5961.1,5584.6,-377,82.2,7.3,3520.4,88.1,5,5,21.0,32.1,12.7,16.1,10.6, 0.4,7.2
Matosinhos,2010,175412,0,14.6,70,15.4,105,3208,1.8,0,1390,0,304,619,570,3,36,81832,107,78,49,14,21,10,29206,4,5530,2,162,15,13.2,19657,87499,28,42,1127,101,3,257,43449,7905,34,14360,9156,7,1784,95583.3,98083.6,2500,40.6,37.2,5692.7,115.5,17,15,7.4,26.8,12.1,18.2,16.4, 1.1,18.0
Mealhada,2010,20501,0,14.1,65.4,20.5,146,428,2.1,0,221,0,-41,77,49,0,7,10119,42,19,9,2,4,2,2982,0,0,0,0,0,3.3,2144,5644,12,26,987,10,4,36,6974,931,45,340,747,6,333,14053.7,16111.3,2058,63,30,5679.7,67.3,4,10,10.3,29.8,12.4,18.8,15.0, 1.3,12.4
Mêda,2010,5275,0,10.6,55.3,34.1,322,16,0.3,0,87,0,-60,16,5,0,1,4934,15,4,1,1,1,1,611,0,0,1,0,1,4.7,429,898,15,33,776,3,1,5,2253,267,54,120,117,4,178,8352.7,8609.1,256,88.1,22,2644.4,33.7,3,0,21.7,39.2,10.1,12.4,9.1, 0.7,6.7
Melgaço,2010,9301,0,9.3,55.1,35.6,380,154,1.7,0,169,0,-114,27,14,0,3,7582,19,3,2,1,1,2,1057,0,0,0,0,0,5.3,698,1338,12,24,766,6,1,9,2944,457,41,108,112,2,317,11695.8,12289,593,77,23,2642.7,63.9,2,4,22.5,37.4,10.0,12.5,10.6, 0.9,6.2
Mértola,2010,7374,0,9.4,55.9,34.7,370,138,1.9,0,137,0,-95,20,2,0,2,8472,13,8,7,1,1,2,1050,0,0,0,0,1,10.6,794,1426,12,26,755,2,1,5,3335,405,57,366,272,7,285,14957.9,15453.5,496,88.6,14.2,2497.6,25.8,5,1,23.1,33.8,12.5,14.6,10.5, 0.4,5.1
Mesão Frio,2010,4482,0,14.1,66.1,19.8,141,24,0.5,0,60,0,-29,31,11,0,3,2383,1,5,5,1,1,1,1068,0,0,0,0,0,1.2,297,635,21,30,725,2,1,3,1394,175,41,448,465,16,135,10669,7037.5,-3632,80.3,38.2,1916.7,18.5,3,1,17.8,35.9,13.8,15.7,11.5, 0.6,4.6
Mira,2010,12525,0,13.3,63.2,23.5,177,147,1.2,0,150,0,-35,37,29,0,6,8601,44,9,8,1,1,1,1483,0,0,1,0,0,10.5,1436,3347,12,26,795,5,2,16,3610,947,42,414,588,7,238,10036.8,10420.5,384,59.4,26.7,4548.8,63.4,6,7,15.3,32.0,12.4,15.4,12.3, 1.1,11.6
Miranda do Corvo,2010,13148,0,14.4,65.9,19.7,137,161,1.2,0,151,0,-65,27,31,0,3,7361,31,9,8,2,2,1,1692,0,0,0,0,1,5.9,1276,2447,7,16,770,3,1,11,3899,651,40,473,482,6,163,9964.8,10152.7,188,69.1,26.5,2345.8,41.9,2,1,12.1,31.3,13.3,19.3,14.6, 0.8,8.7
Miranda do Douro,2010,7552,0,10.2,57.8,31.9,311,119,1.6,0,111,0,-75,20,7,0,2,5506,21,4,3,2,2,1,1234,1,2,1,0,0,11.7,874,1503,9,19,812,6,3,10,2788,528,49,159,250,6,201,8425.8,9567.6,1142,83.4,33.1,3791.2,30.5,3,9,19.6,32.1,10.0,16.1,12.4, 0.7,9.0
Mirandela,2010,24030,0,12.4,63.4,24.2,195,457,1.9,0,276,0,-105,94,51,1,7,14819,91,23,17,2,5,5,4608,2,1247,0,0,1,9.6,2478,5072,5,13,831,12,2,24,7162,1545,42,713,1508,10,475,18982.8,19916,933,72.2,35.2,3198.5,44.5,8,5,15.7,30.2,12.4,15.6,13.7, 0.7,11.8
Mogadouro,2010,9657,0,9.9,57.9,32.3,326,103,1.1,0,127,0,-83,47,9,0,3,7181,22,7,4,1,1,1,1132,0,0,0,0,0,11.1,937,1535,8,21,836,4,1,6,3614,604,49,115,398,7,163,12624.8,13927.6,1303,86.6,23.8,3164.2,33,6,3,21.1,33.7,10.5,14.6,10.5, 0.8,8.6
Moimenta da Beira,2010,10272,0,14.8,62.6,22.6,153,194,1.9,0,138,0,-45,52,12,0,3,7777,33,16,12,1,2,2,2631,0,0,0,0,0,12.7,976,2045,9,18,717,4,3,8,2969,441,39,926,564,9,151,7960.4,9414.9,1455,72.2,26.3,3004.1,39.6,6,2,16.1,34.8,12.1,15.8,12.4, 0.7,8.2
Moita,2010,66176,0,16.3,67.7,16,98,3320,5,0,625,0,93,209,197,0,14,34619,51,25,24,6,8,3,10464,0,0,0,76,1,7.1,4780,10918,8,16,916,20,2,57,19231,3067,40,5602,4198,9,822,28758.6,29886,1127,41.4,39.1,2161.1,38.1,8,0,9.3,26.8,13.1,23.1,17.9, 1.1,8.7
Monção,2010,19343,0,10.9,61.3,27.7,254,468,2.4,0,293,0,-176,75,36,0,6,13378,55,13,9,2,4,2,3237,0,0,0,0,0,8.4,1875,4168,5,14,769,9,1,16,6281,744,41,276,587,5,301,18113.3,18832.6,719,75.9,28,2858.8,38.8,4,3,18.4,32.6,12.6,13.8,13.4, 1.0,8.3
Monchique,2010,6124,0,9.5,57.8,32.8,345,571,9.3,0,110,0,-72,24,6,0,3,4585,9,2,3,1,1,0,567,0,0,0,0,0,1.9,741,1339,11,18,787,1,3,4,2480,212,49,213,210,6,231,7982.8,9307.9,1325,80.9,32,3819.5,87.4,8,7,20.0,33.5,9.5,15.2,14.3, 0.8,6.7
Mondim de Basto,2010,7587,0,15.6,63.9,20.5,132,33,0.4,0,86,0,-35,37,16,0,2,4513,18,8,11,1,1,1,1421,0,0,0,0,0,7.7,474,1364,21,40,704,3,1,5,2251,432,42,574,455,9,168,21072.8,8214.5,-12858,89.2,26,2054.7,37.7,6,1,19.6,32.9,14.8,16.0,10.2, 0.9,5.7
Monforte,2010,3343,0,14.7,57.7,27.6,188,67,2,0,54,0,-23,12,5,1,4,2331,10,4,4,1,1,0,407,0,0,1,0,0,8.1,265,551,14,58,869,2,1,6,1463,158,57,423,182,9,158,4771.6,5327.3,556,87.4,9,2954.2,169.9,5,1,23.9,31.7,10.9,14.9,11.5, 0.8,6.3
Montalegre,2010,10705,0,10.1,57.6,32.3,319,81,0.8,0,191,0,-146,51,17,0,5,10496,26,6,7,2,2,3,1352,0,0,1,0,0,9.9,886,1661,15,26,749,8,2,11,4602,549,54,462,368,6,298,16790.6,17690.3,900,78.5,41.4,2940.4,74.1,4,3,23.0,37.4,11.2,11.9,10.0, 0.4,6.1
Montemor-o-Novo,2010,17560,0,12,60.3,27.7,230,333,1.9,0,277,0,-155,53,34,1,11,10295,15,13,12,1,2,1,2402,0,0,1,0,0,15.6,2094,4715,7,20,853,8,4,28,6674,670,48,541,525,5,362,17134.4,17469.9,336,70.3,26.6,3980,62,7,2,18.9,30.8,11.1,16.1,13.6, 0.8,8.8
Montemor-o-Velho,2010,26164,0,12.7,65.1,22.1,173,273,1,0,292,0,-54,98,62,0,11,13171,47,16,15,4,6,3,3835,0,0,0,335,0,32.6,2437,5122,14,22,813,5,5,21,7906,1133,39,753,1106,6,274,24986.5,23760.9,-1226,78,34.1,2473.1,45.2,3,1,14.3,28.5,12.2,18.7,14.9, 0.8,10.6
Montijo,2010,50593,0,17,66.6,16.4,97,2789,5.5,0,523,0,124,188,190,1,11,26611,79,30,21,2,4,3,8626,0,0,0,0,6,10.1,5329,12847,8,22,982,26,2,65,11894,2162,33,2196,2529,8,878,32099,31254.9,-844,39.6,41.9,4143.5,76.8,10,3,9.7,23.0,11.7,20.3,19.2, 1.3,14.9
Mora,2010,5047,0,10.4,58.2,31.5,303,59,1.2,0,109,0,-79,16,11,0,5,3880,8,5,4,1,1,1,594,0,0,0,0,1,12.8,486,1082,20,41,809,2,3,7,2463,227,60,257,171,6,137,6252.3,6723.6,471,77.6,19.6,3363.8,85.6,5,2,21.5,35.3,10.1,16.3,10.1, 0.4,6.3
Mortágua,2010,9679,0,11.2,62.3,26.5,235,162,1.7,0,128,0,-60,30,8,0,4,6012,33,11,4,1,3,2,1303,0,0,0,0,0,8.7,1065,2753,16,37,890,4,1,9,3432,295,44,323,229,4,178,11820.4,10443,-1377,78.4,16.2,5248.8,34,6,4,16.7,36.7,12.4,14.8,10.9, 0.6,7.9
Moura,2010,15268,0,15.8,61.4,22.8,144,636,4.2,0,237,0,-102,41,24,0,11,10585,17,10,11,2,4,2,3127,0,0,1,21,0,13.4,1687,3002,8,38,912,5,4,20,5417,798,49,2118,1078,11,358,15076.1,14089.7,-986,76.6,25.5,2881.3,29.2,7,3,19.2,28.9,13.4,18.4,12.4, 0.6,7.1
Mourão,2010,2696,0,15.7,61.3,23,147,19,0.7,0,51,0,-23,2,6,0,1,1940,6,3,3,1,1,0,390,0,0,1,0,0,2.6,277,435,17,34,785,2,1,6,941,174,49,433,141,9,210,5602.5,5296.3,-306,81.6,18.9,3126.1,65.7,1,0,19.3,31.3,14.2,17.8,12.4, 0.5,4.4
Murça,2010,6004,0,12.4,60.9,26.8,216,20,0.3,0,79,0,-38,22,14,0,2,4128,11,6,8,1,2,2,918,0,0,0,0,0,6.2,539,976,15,28,741,2,1,3,2252,294,49,369,295,8,160,7308.9,8604.5,1296,89.4,31.1,2551.9,19.5,4,0,20.0,35.3,12.9,14.4,9.8, 0.6,7.0
Murtosa,2010,10559,0,17.1,63.1,19.8,116,96,0.9,0,127,0,-34,37,17,0,4,7635,30,8,6,2,2,1,1590,0,0,0,0,0,12.3,1146,2133,13,30,747,5,1,10,2489,249,31,286,450,7,91,7260.9,7589.1,328,62.6,32.9,3261.8,49,4,3,13.4,35.7,16.6,15.8,9.8, 0.6,8.0
Nazaré,2010,15183,0,14.5,67,18.6,128,550,3.6,0,182,0,-27,78,37,1,6,13102,53,7,9,2,2,2,2558,0,0,1,0,0,17.5,1884,3612,6,19,825,9,2,26,4620,559,40,309,793,8,362,12229.2,11718.6,-511,42.4,42.5,5113.4,41,11,11,10.8,31.2,13.8,18.6,14.7, 1.2,9.8
Nelas,2010,14071,0,14,63,23,164,140,1,0,162,0,-63,68,29,0,6,8724,39,17,10,2,3,2,2257,0,0,0,0,1,5.2,1059,3487,21,51,934,6,2,17,4535,562,42,841,758,9,333,16853.2,10085.6,-6768,62.5,26.1,8431.7,26.6,5,7,12.6,34.2,12.1,18.1,13.2, 0.6,9.1
Nisa,2010,7549,0,9.9,53.5,36.6,368,78,1,0,177,0,-129,18,13,0,5,7325,8,5,4,1,2,2,1071,0,0,1,0,0,7.7,713,1258,10,23,771,3,1,8,3597,576,62,337,253,6,260,10957.7,11385.1,427,80.3,14,2906.2,81.3,7,0,21.0,34.9,9.9,15.7,10.8, 0.7,6.9
Nordeste,2010,4988,0,17.4,64.8,17.8,102,34,0.7,0,90,0,-29,19,17,0,2,2703,5,9,8,1,1,2,899,0,0,0,0,0,5.2,403,696,20,28,0,4,0,6,1074,242,32,637,202,6,89,5826.9,6281.7,455,93.9,23.7,1950.5,70,3,1,10.4,33.8,20.8,19.1,10.3, 0.3,5.2
Óbidos,2010,11734,0,15.1,63.3,21.6,143,422,3.6,0,97,0,-14,43,48,0,5,8979,60,11,9,1,1,1,1677,0,0,1,156,0,16.4,1523,3682,12,25,929,5,4,20,3434,319,37,260,498,7,351,21098.4,19280,-1818,34.3,39.9,5461.8,80.7,3,9,13.6,30.6,13.3,17.9,14.5, 0.9,9.2
Odemira,2010,26138,0,12.2,61,26.8,221,2831,10.8,0,354,0,-155,59,39,0,12,20846,56,25,27,5,6,3,4889,0,0,0,0,1,2.1,3025,7251,12,18,861,9,5,40,9024,850,43,845,1288,8,572,28187.6,28055.6,-132,67.5,25.4,3161.5,54.4,6,15,22.9,26.5,11.0,18.2,13.6, 0.7,7.0
Odivelas,2010,143851,0,15,68.7,16.3,108,14523,10.1,0,1039,0,710,0,374,0,33,68832,306,53,36,12,18,9,24659,1,957,0,508,5,5.2,15052,32927,5,7,909,49,2,141,21558,10061,26,5282,5574,6,1213,63739.5,67843.4,4104,42.2,32.2,2150.7,0,8,0,6.7,24.7,11.5,20.8,19.2, 1.2,15.8
Oeiras,2010,171786,3744,15.7,65.5,18.9,121,10343,6,1909,1442,6.8,467,501,471,3,47,86020,93,85,51,13,18,11,28167,6,4911,2,702,21,9.6,23696,143047,17,16,1731,116,2,338,36795,17575,37,4896,6028,5,1817,111127,113261.4,2134,18.6,34.1,4741.5,180.9,8,7,4.9,16.1,7.8,18.1,21.0, 1.3,30.7
Oleiros,2010,5791,0,7.8,54.5,37.7,484,47,0.8,0,108,0,-85,14,7,0,3,4970,8,4,3,1,1,1,417,0,0,0,0,0,6.8,435,1146,25,52,718,3,2,5,2993,252,61,114,93,3,122,9069.1,8912.1,-157,81.6,16.8,4471.5,4,5,0,25.9,40.1,8.1,11.6,8.1, 0.8,5.4
Olhão,2010,45162,0,16.7,66.1,17.2,103,3501,7.8,0,441,0,81,117,126,1,9,26124,82,21,15,7,8,2,7402,0,0,1,0,3,3.2,5143,10334,4,8,881,15,6,50,10403,1591,32,2921,2548,9,816,27774.7,28524.9,750,40.2,50.8,2906.9,188.3,17,4,10.2,26.8,12.9,21.7,16.9, 1.1,10.4
Oliveira de Azeméis,2010,68925,0,14.1,69.3,16.6,118,762,1.1,0,556,0,-33,215,180,1,16,29904,111,50,37,7,9,3,12446,2,456,2,0,0,4.3,7035,27026,7,18,913,33,4,56,18707,1412,34,1195,2828,6,578,29575.5,32290.6,2715,49.6,22.3,5280,49,6,1,9.2,32.0,18.0,19.3,12.5, 0.9,8.1
Oliveira de Frades,2010,10301,0,15.3,64.2,20.5,134,215,2.1,0,117,0,-34,43,21,0,3,5655,28,16,13,2,2,1,2199,0,0,1,0,0,15.7,1046,5676,29,55,1077,7,1,16,3129,350,40,275,298,5,194,8459.4,8167.6,-292,70.3,20.9,6201.1,20.5,5,1,11.9,32.3,15.5,18.2,13.0, 0.9,8.1
Oliveira do Bairro,2010,22950,0,15.8,64.4,19.8,125,629,2.7,0,233,0,4,72,64,0,7,11262,79,15,14,3,4,2,4146,0,0,1,15,0,8.5,2599,8669,9,30,917,16,2,27,6085,554,34,501,900,6,270,19950.2,18992.4,-958,52.9,42.8,5539.7,55.5,3,2,12.1,28.7,15.3,18.0,13.5, 1.0,11.3
Oliveira do Hospital,2010,20993,0,13.7,63.2,23.1,169,439,2.1,0,287,0,-140,71,40,1,8,13688,41,30,22,4,5,2,4419,1,550,0,0,1,12.7,1761,5539,14,16,734,6,4,21,7147,715,43,1025,873,7,280,13726.4,14176.5,450,65.5,24.4,5408.4,29.4,6,2,14.9,35.1,13.0,17.3,11.8, 0.7,7.3
Ourém,2010,46071,0,15,63.9,21,140,1910,4.1,0,510,0,-142,170,81,0,18,29025,111,44,48,7,7,5,9759,0,0,3,59,1,9.5,5402,17024,6,17,890,33,5,64,11727,1317,33,622,1461,5,481,29788.8,30806.9,1018,61.7,31.9,3720.1,40.8,6,42,15.1,28.6,13.0,18.4,14.2, 1.1,9.7
Ourique,2010,5460,0,10.6,58,31.4,296,188,3.4,0,115,0,-73,15,8,0,5,4160,10,7,6,1,1,1,633,0,0,0,0,1,5.4,593,1132,10,21,730,2,1,6,2342,280,54,360,350,11,286,7925.2,8750.4,825,87.6,33.5,3415,43.8,3,0,22.9,30.5,10.7,17.3,12.8, 0.3,5.5
Ovar,2010,55487,0,15.7,69.3,15.1,96,777,1.4,0,460,0,38,213,159,1,15,27672,81,42,33,5,9,5,10387,0,0,2,0,1,9.9,5564,18716,16,21,903,21,4,63,13523,1614,32,2256,3807,10,447,32494,35026.7,2533,36.8,36,5493.1,57.9,14,4,8.4,28.0,15.2,20.3,15.0, 0.8,12.2
Paços de Ferreira,2010,56273,0,18.5,71.1,10.4,56,256,0.5,0,342,0,278,254,137,0,9,21196,153,31,34,4,6,3,11463,0,0,2,0,5,10.6,5260,22174,10,20,691,25,2,48,9365,821,22,4594,3602,9,520,32167.1,32799.6,633,71.5,29.7,3789.7,25.1,2,1,9.6,34.5,21.7,17.8,9.8, 0.5,6.1
Palmela,2010,62395,0,17.5,66,16.5,95,2117,3.4,0,530,0,169,268,184,0,15,33008,99,34,31,8,8,4,11816,0,0,1,406,0,13.7,6219,26121,22,50,1269,21,4,65,14605,2132,32,1997,2928,7,1001,40693.7,36972.2,-3721,26.6,49.9,7384.9,56.5,8,7,10.1,23.9,11.7,21.6,18.1, 1.1,13.5
Pampilhosa da Serra,2010,4548,0,7.8,51.9,40.2,514,16,0.4,0,111,0,-94,7,6,0,2,5651,6,3,2,1,1,1,294,0,0,0,0,0,4.9,273,520,9,69,755,3,1,8,2139,222,57,147,92,4,152,11092.8,10287.4,-805,91.4,19.6,2744.1,29.5,0,0,29.2,38.9,9.3,11.3,8.4, 0.2,2.8
Paredes,2010,86843,0,18.4,70.6,10.9,59,422,0.5,0,576,0,388,351,198,1,15,34220,163,57,56,7,10,6,17808,2,2320,0,0,0,8.7,7346,24243,3,9,784,41,4,81,15155,1495,23,7994,5720,9,1004,39141.8,42924.4,3783,68.6,28.3,2978.6,44.2,7,3,9.6,32.9,19.2,19.0,11.6, 0.7,7.0
Paredes de Coura,2010,9240,0,12.5,61.1,26.4,212,88,1,0,115,0,-57,43,15,0,3,6051,43,12,1,1,1,2,1313,0,0,1,0,2,11.8,722,1456,13,31,731,4,1,6,3057,356,42,255,437,8,172,10955.7,11383.3,428,82.7,36.4,2483.2,36.7,5,1,20.9,32.4,13.0,16.4,11.4, 0.8,5.1
Pedrógão Grande,2010,3965,0,11.4,55.1,33.5,293,182,4.6,0,90,0,-73,10,8,0,3,3651,11,4,3,1,2,1,681,0,0,0,0,0,4.3,401,902,16,40,781,2,1,4,1802,199,57,145,183,8,117,5409.9,5653,243,78.2,25.7,7703.5,48.9,2,1,20.0,36.2,11.3,14.1,11.3, 1.8,5.4
Penacova,2010,15375,0,12.5,64.1,23.3,186,136,0.9,0,186,0,-92,43,25,1,7,8335,30,10,10,2,3,2,1929,0,0,0,0,0,14.4,1596,3087,6,16,811,5,2,13,4654,594,39,415,527,5,156,11715.8,12110.8,395,75.9,18.4,2678.9,43.3,3,2,16.2,35.8,12.7,17.5,10.7, 0.6,6.4
Penafiel,2010,72425,0,17.9,69.8,12.2,68,392,0.5,0,491,0,255,335,214,1,16,30007,255,57,62,5,7,3,15771,0,0,1,30,3,8.3,5479,22366,5,11,818,22,6,67,13863,1992,27,4572,3869,8,711,34868.7,36179.1,1310,67.6,25.1,3017.7,39.5,8,7,11.4,31.7,17.6,19.7,12.2, 0.6,6.8
Penalva do Castelo,2010,8034,0,13,60.1,26.9,206,35,0.4,0,132,0,-84,45,15,0,2,5439,16,9,5,2,2,1,1166,0,0,0,0,0,13.1,506,1297,24,36,772,2,1,3,2792,270,44,384,455,9,120,6582,7905.2,1323,83.3,15.1,2139.1,18.8,4,2,21.6,36.9,12.5,13.7,9.2, 0.6,5.6
Penamacor,2010,5786,0,8.2,49.1,42.7,523,54,0.9,0,141,0,-120,12,6,0,5,6516,9,8,2,1,1,1,1031,0,0,1,0,0,5.2,436,846,16,54,717,2,2,4,2729,500,61,169,153,5,112,9559.9,9798.1,238,84.8,30.2,2788.5,38.4,4,0,27.5,36.4,10.0,13.0,8.7, 0.3,4.1
Penedono,2010,2995,0,13,59.9,27,207,7,0.2,0,49,0,-38,25,5,0,1,2628,15,2,1,1,1,0,424,0,0,0,0,0,13.7,261,430,10,29,739,2,1,3,943,149,42,283,113,6,89,5108,5585.7,478,87.4,26.4,2366.5,38.4,3,1,18.9,36.8,13.6,12.2,10.9, 0.6,7.1
Penela,2010,6023,0,12.9,58.7,28.4,220,156,2.6,0,94,0,-46,12,6,0,2,4699,13,6,6,1,2,1,701,0,0,1,0,0,13.5,569,1506,20,37,772,2,2,8,2355,302,51,184,173,5,112,7619.8,7175.9,-444,78.5,25.6,2916.8,42.3,6,0,17.4,35.3,10.0,16.3,12.0, 1.0,7.9
Peniche,2010,27814,0,15.3,65.7,19,125,915,3.3,0,335,0,-52,116,84,1,7,21042,68,17,20,3,4,1,5018,1,1229,1,0,0,13.7,3023,8234,14,18,846,13,4,35,8006,1070,39,828,1518,8,459,15567.8,16283.9,716,39.7,41.8,3972.3,59.9,11,8,12.1,30.5,14.7,19.6,13.4, 1.0,8.9
Peso da Régua,2010,17263,0,13.9,67.3,18.8,136,146,0.8,0,191,0,-53,73,62,1,8,9213,13,11,13,2,4,2,3976,0,0,1,0,0,1.2,1493,3663,6,18,880,11,2,21,5186,903,41,1406,1144,10,311,18911.2,16748.8,-2162,74.4,34.4,2789.6,18.8,2,4,14.7,32.4,12.8,17.2,13.2, 0.6,9.0
Pinhel,2010,9726,0,11,57.9,31.1,283,73,0.8,0,150,0,-102,23,18,0,5,8111,13,12,4,1,1,1,1197,0,0,0,0,0,5,936,1836,8,23,737,3,3,7,4113,477,54,444,401,7,139,11453.6,11407.9,-46,82,18.4,2604.1,20.4,5,1,19.0,37.6,9.6,15.7,10.9, 0.6,6.6
Pombal,2010,55469,0,14.4,63.2,22.5,157,1652,3,0,676,0,-239,156,124,1,20,34017,112,42,49,7,8,6,11249,0,0,2,78,0,11.3,6503,19402,5,8,893,27,17,76,16127,1372,37,1202,1666,5,382,37115.3,38476.6,1361,54.5,29,5010.5,60.6,4,5,18.8,30.0,11.1,17.5,13.6, 1.0,8.0
Ponta Delgada,2010,68737,0,18.9,70.2,10.9,58,1240,1.8,0,584,0,208,367,211,4,19,28227,63,47,36,5,8,10,15953,1,2742,1,106,4,14.3,7066,26307,15,23,0,49,5,137,11577,4077,28,6774,1593,3,640,34995.8,33855.7,-1140,49.5,55.7,3558.7,43,13,29,9.5,21.9,18.3,20.9,14.1, 1.2,14.1
Ponta do Sol,2010,8840,0,19,64,17,90,85,1,0,97,0,-9,38,27,0,2,4666,33,9,7,1,1,1,1662,0,0,0,0,0,6.9,540,1370,11,22,781,6,0,9,2447,168,36,374,410,7,87,6002.6,6838.8,836,70.6,21.3,2431.1,29.6,10,3,17.2,32.6,15.5,15.2,10.9, 0.7,7.8
Ponte da Barca,2010,12149,0,13.4,63.1,23.5,176,76,0.6,0,150,0,-79,59,31,0,3,7944,21,8,12,1,2,2,1871,0,0,0,0,0,2.4,990,2247,8,31,790,5,1,8,3904,381,41,482,567,7,265,13544.6,13994.6,450,77.6,52.2,2478.4,38.2,2,4,18.9,33.3,11.7,16.6,12.2, 0.7,6.6
Ponte de Lima,2010,43677,0,15.7,65.1,19.2,122,247,0.6,0,434,0,-62,196,62,1,9,21829,198,29,19,4,6,3,8322,3,683,2,0,0,9.6,3638,10649,8,34,763,17,4,36,11738,1077,35,1312,1933,7,596,29258.2,29393.5,135,66.5,33,2511.1,34.7,7,3,14.7,29.3,16.6,19.8,12.0, 0.7,7.1
Ponte de Sor,2010,16846,0,13,61.9,25.2,194,260,1.5,0,231,0,-121,36,37,0,7,10271,21,11,10,2,3,1,3080,0,0,0,0,0,16.3,1601,3417,8,20,888,6,4,23,6508,735,50,908,1345,13,290,18736,17853.6,-882,71.3,34.5,3630.7,75,4,1,18.5,30.9,12.8,16.3,13.4, 0.6,7.5
Portalegre,2010,25060,0,13.2,63.4,23.4,177,587,2.3,0,336,0,-132,81,81,1,12,14727,22,21,14,2,3,3,5510,3,2313,2,193,0,12.9,2600,5861,9,31,941,12,2,49,8979,2438,53,1011,1244,8,428,19119.8,20400.5,1281,59.9,21.9,4887.4,144.5,5,3,12.8,25.2,10.5,19.2,15.2, 0.7,16.4
Portel,2010,6488,0,12.7,60.6,26.7,209,86,1.3,0,100,0,-61,12,11,0,4,4252,12,9,8,1,1,1,737,0,0,0,0,1,11.7,569,1206,21,32,793,2,2,10,2579,245,50,306,402,10,255,9464.4,10091.1,627,87.2,16.5,3778.2,126.6,3,0,19.2,34.2,13.7,15.5,11.9, 0.8,4.7
Portimão,2010,55128,0,17,66,17,100,9815,17.8,0,529,0,134,185,212,2,12,46830,86,25,16,6,7,4,11309,2,1430,2,150,8,25.7,7685,18887,5,16,939,33,4,90,13116,2536,34,4037,4036,11,947,41183,43664,2481,21.7,59.2,4532.2,274.6,2,48,10.0,22.6,11.5,22.6,18.4, 1.3,13.6
Porto,2010,239650,0,12.2,64.7,23,188,8329,3.5,0,2916,0,-961,1102,650,24,113,137215,93,162,95,44,57,54,68365,42,57461,15,1944,13,8.7,37821,134218,12,21,1280,292,3,585,79749,20547,48,28990,15461,10,2725,183176.9,185231.9,2055,19.6,69.9,5891.2,113,17,95,6.6,24.2,10.2,17.0,15.7, 0.9,25.3
Porto de Mós,2010,24383,0,15.4,64.8,19.8,129,817,3.4,0,228,0,-12,58,58,0,9,13017,31,23,20,3,3,3,4468,0,0,1,0,0,11.9,2879,8594,8,21,931,15,4,32,7731,647,41,747,870,6,340,17915.8,17420.5,-495,62.9,33.9,5407.3,43.4,6,2,12.4,31.5,13.3,19.3,13.5, 1.1,8.9
Porto Moniz,2010,2741,0,13.3,62.7,24,180,19,0.7,0,64,0,-44,19,5,0,1,1948,1,2,2,1,1,1,383,0,0,1,0,0,2.4,163,385,19,37,784,3,0,6,1042,107,49,82,104,6,67,6437.5,6435.3,-2,92.2,31.4,5019.9,63.5,2,6,25.6,35.4,13.9,11.1,8.3, 0.5,5.3
Porto Santo,2010,5437,0,15.7,72.8,11.5,73,423,7.8,0,39,0,30,28,16,0,1,4469,45,5,4,1,1,1,941,0,0,0,58,0,16,538,1161,15,24,1052,4,0,11,965,388,29,82,337,9,85,4790.9,4810.8,20,45.8,22.8,6022.5,110.4,23,13,8.6,26.6,15.0,20.9,18.3, 1.2,9.5
Póvoa de Lanhoso,2010,21969,0,16.7,67.1,16.3,98,147,0.7,0,156,0,43,135,30,1,5,11728,53,23,23,2,4,2,4619,1,1056,1,0,0,12,1876,5781,10,25,739,11,1,21,5340,388,31,922,1178,8,200,15008.1,14644.6,-363,72.9,31.8,2687.4,37.1,5,2,14.7,32.2,17.0,17.4,11.4, 0.6,6.7
Póvoa de Varzim,2010,63579,0,17,69.3,13.7,80,957,1.5,0,465,0,223,324,221,2,15,34877,100,37,28,6,8,4,13214,0,0,1,0,0,11.3,7066,21595,8,21,885,32,5,81,13424,2286,30,3601,4314,10,766,44164,46127.7,1964,28.9,29,3103.6,104.3,11,13,8.2,28.4,17.7,18.8,14.0, 0.8,12.0
Povoação,2010,6361,0,18.3,67,14.6,80,32,0.5,0,80,0,-29,30,29,0,2,3603,15,8,7,2,2,2,1317,0,0,0,0,0,3.8,568,1131,22,27,0,4,1,10,1224,227,28,1172,299,7,112,5653.1,6726.1,1073,85.9,28.9,2368.3,1.4,2,4,14.1,32.4,21.2,16.9,9.3, 0.5,5.6
Proença-a-Nova,2010,8415,0,10.2,57.9,31.9,314,100,1.2,0,165,0,-110,31,11,0,2,6264,22,7,2,2,2,2,997,0,0,1,0,1,6.5,739,1790,11,26,730,4,1,8,3801,416,56,66,258,5,156,12057.2,11065.8,-991,80.1,15.1,2606.3,4.2,6,1,19.3,35.3,9.0,15.5,12.5, 0.8,7.6
Redondo,2010,7072,0,13.4,61.9,24.7,185,179,2.5,0,99,0,-45,16,15,0,3,4544,21,5,5,1,1,1,1062,0,0,2,0,1,16.5,753,1598,12,33,772,3,2,8,2463,309,45,510,405,9,266,9867.3,10539.5,672,75.7,27.6,3418.7,66.3,3,1,17.6,31.6,14.3,17.0,12.3, 0.7,6.5
Reguengos de Monsaraz,2010,10880,0,14.3,61.7,24,168,248,2.3,0,161,0,-61,34,27,0,5,6376,46,9,8,1,2,1,2213,0,0,0,0,1,14,1491,2950,14,44,894,4,2,12,4112,568,50,794,661,10,268,10801.4,12174.2,1373,62.8,15.7,3430.4,77.4,4,3,17.5,29.4,12.8,16.2,14.5, 0.8,8.9
Resende,2010,11467,0,15.5,62.9,21.6,139,44,0.4,0,152,0,-64,41,20,0,4,7415,24,11,15,1,3,2,2074,0,0,0,0,0,12.8,872,1873,12,26,733,4,1,9,3614,343,41,1631,777,11,284,11916.9,11983.4,67,80.6,23.4,1868.7,36.8,2,2,21.2,35.8,12.4,15.1,9.9, 0.3,5.3
Ribeira Brava,2010,13384,0,19,65.9,15.2,80,131,1,0,151,0,-49,75,27,0,3,6799,31,12,9,2,2,1,3037,0,0,1,38,0,6.7,751,1996,8,29,772,8,0,13,3851,300,38,365,632,7,107,7543.6,8581.2,1038,75.8,33.6,2450.7,36.8,3,5,19.9,31.2,14.8,14.5,11.3, 0.7,7.6
Ribeira de Pena,2010,6622,0,13.4,61.1,25.6,191,9,0.1,0,103,0,-56,30,8,0,2,4910,19,7,5,2,2,1,1118,0,0,0,0,0,5.5,472,1040,23,49,830,4,1,6,2115,387,44,424,399,10,206,11327.8,11094.6,-233,61.7,40.5,2228.7,40.2,2,1,25.6,31.5,14.2,14.5,8.7, 0.4,5.0
Ribeira Grande,2010,31893,0,23.8,68,8.1,34,143,0.4,0,238,0,266,200,87,0,7,11135,81,24,18,3,3,2,6800,0,0,3,0,0,6.3,2458,9507,28,38,0,12,2,28,4634,760,22,5928,804,4,254,25826.3,26858.2,1032,78.7,49.8,3020,29.9,3,2,13.0,29.0,22.6,17.7,10.0, 0.8,6.9
Rio Maior,2010,21229,0,15.2,65,19.8,131,839,4,0,238,0,-38,83,48,0,5,12430,49,24,19,2,3,2,3669,1,646,0,0,1,10.9,2303,7395,18,25,897,10,3,27,6286,800,39,562,693,5,339,20481.9,20641.2,159,61,41.7,6456.2,38.8,4,2,12.5,29.5,13.4,19.3,15.2, 1.1,8.9
Sabrosa,2010,6418,0,13,61.8,25.2,194,32,0.5,0,83,0,-38,21,14,0,2,4643,10,11,12,1,1,1,1548,0,0,0,0,0,24.2,555,1151,11,25,1008,2,1,4,2330,284,47,382,337,8,199,10430,10919.9,490,87.8,22.3,2664.3,19.6,3,1,18.8,37.4,11.8,15.2,10.2, 0.4,6.1
Sabugal,2010,12713,0,8.2,52.4,39.4,480,87,0.7,0,308,0,-246,30,14,0,9,15301,26,12,9,3,4,1,1207,0,0,1,3,0,8.5,1159,2196,11,24,740,6,1,15,5145,753,51,489,345,5,191,17825.5,16811.3,-1014,78.7,15.3,3085.2,31.8,5,1,24.1,38.3,7.8,13.9,9.5, 0.7,5.8
Salvaterra de Magos,2010,22113,0,15.1,63.8,21,139,525,2.4,0,270,0,-69,69,66,0,7,11643,93,8,9,2,3,2,4406,0,0,0,0,0,12.2,1958,4877,8,14,857,6,4,25,7085,787,42,659,1582,11,231,10317.7,10568.6,251,62.8,39,3374.6,24.8,8,0,17.2,28.3,13.4,18.6,14.3, 0.9,7.2
Santa Comba Dão,2010,11669,0,13.5,62.2,24.3,179,170,1.5,0,147,0,-75,53,28,0,4,7077,20,7,5,1,3,2,2533,0,0,0,0,0,7.3,1033,2630,15,28,832,3,1,17,3939,563,45,497,451,6,185,8441.2,8743.6,302,62.3,29.3,2949.7,26.1,4,0,14.2,32.8,14.1,17.2,12.5, 0.9,8.3
Santa Cruz,2010,42413,0,19.6,70.6,9.8,50,751,1.8,0,302,0,194,69,119,0,7,20074,98,20,12,3,3,1,5250,0,0,0,0,0,4.6,3008,8169,14,22,1019,13,0,43,7154,1165,24,1434,2301,8,385,17684.7,19240.7,1556,50.1,22.2,3430,58.4,21,24,8.1,22.5,15.5,20.8,18.0, 1.9,13.2
Santa Cruz da Graciosa,2010,4431,0,14.6,64.7,20.7,141,49,1.1,0,81,0,-45,15,13,0,1,2826,7,5,4,1,1,1,677,0,0,1,0,0,32.2,494,842,13,29,0,4,1,7,1310,251,41,444,123,4,67,5601.6,4613.4,-988,86.4,29.3,2885.2,37.9,4,4,14.1,36.3,15.6,16.9,9.4, 0.5,7.2
Santa Cruz das Flores,2010,2309,0,14.1,69.2,16.7,119,79,3.4,0,26,0,-14,5,8,0,3,1157,2,3,2,1,1,2,592,0,0,0,0,0,13.1,354,827,41,61,0,3,0,2,624,170,40,105,46,3,65,3731.8,3787.5,56,92.8,35.5,3377.9,0,2,3,8.0,35.1,14.1,22.0,11.2, 0.4,9.1
Santa Maria da Feira,2010,139483,0,15.9,70,14.1,89,1449,1,0,973,0,321,430,366,1,27,60302,146,110,77,12,13,6,27507,2,731,3,716,4,6.7,14664,48178,6,11,919,70,4,119,33503,2353,31,4160,9609,10,1066,55433.6,52830.1,-2603,48.6,33.5,4678,53.3,6,4,9.2,30.6,16.9,18.7,13.3, 0.8,10.4
Santa Marta de Penaguião,2010,7435,0,12.4,63.1,24.5,197,149,2,0,84,0,-31,19,15,0,2,4601,16,5,8,1,1,0,724,0,0,0,0,0,8.9,602,1248,16,48,747,3,3,6,2696,296,46,639,488,10,146,8068.3,8076.4,8,79.6,22.5,1989.3,20.8,4,1,21.7,36.0,12.4,13.5,9.8, 0.5,6.2
Santana,2010,7801,0,13.5,63.3,23.2,172,76,1,0,124,0,-72,30,11,0,3,4843,13,7,7,1,1,2,1201,0,0,1,0,0,3.4,460,903,12,25,832,3,0,7,2807,313,47,435,380,8,99,6485.2,7068.7,584,86.8,28.3,2725.7,30.8,6,4,22.5,34.4,12.9,12.7,10.1, 1.0,6.4
Santarém,2010,62453,0,14.4,63.5,22.2,154,2556,4.1,0,816,0,-241,197,183,1,26,35026,102,53,53,6,9,5,12679,5,3382,1,291,6,9.5,7017,19670,13,12,954,35,6,105,18808,4314,43,2183,2221,6,848,32622.8,36412.2,3789,59.1,39.2,5139.5,39.9,13,6,10.9,26.8,10.9,19.1,16.2, 1.0,15.1
Santiago do Cacém,2010,29886,0,12.2,64.4,23.4,192,1077,3.6,0,367,0,-126,101,63,1,11,18383,77,20,23,4,6,2,4820,1,176,2,0,0,10.1,3338,7379,9,21,903,15,6,39,9219,1714,42,758,1110,6,615,22475.2,23558.6,1083,58.8,25.4,4076.3,62.7,9,6,14.9,25.4,10.7,19.6,17.6, 1.2,10.6
Santo Tirso,2010,71813,0,14,69.8,16.3,116,483,0.7,0,643,0,-147,295,181,1,16,29659,121,47,49,8,15,8,14719,0,0,0,0,0,5.7,6142,22387,6,24,831,29,2,78,23182,1637,40,4233,7090,14,720,41623.7,42217.8,594,57.9,27.1,5650.3,44.3,7,5,9.6,34.7,15.8,17.9,12.3, 0.8,8.9
São Brás de Alportel,2010,10638,0,15.1,63.3,21.6,143,1115,10.5,0,132,0,-20,52,31,0,2,6535,28,4,6,1,1,1,2239,0,0,1,0,0,11.5,1359,2784,5,14,919,7,1,15,2677,391,34,328,317,5,277,11884.6,10875.1,-1009,56.5,32.8,3181.1,144.7,9,0,9.9,28.6,11.1,18.3,18.5, 1.2,12.4
São João da Madeira,2010,21740,0,14.9,70,15.1,101,542,2.5,0,183,0,12,133,68,1,5,10459,20,14,11,3,6,6,7588,0,0,1,0,5,17.5,2999,13794,19,34,870,22,1,52,5799,802,36,567,1249,8,294,16365.5,16387.3,22,53.1,48.4,5623,116.2,5,3,6.9,27.4,14.5,20.4,16.3, 1.1,13.4
São João da Pesqueira,2010,7953,0,14,63.4,22.5,161,109,1.4,0,102,0,-38,27,18,0,3,5552,30,12,10,1,2,2,2147,0,0,1,0,0,8.4,734,1470,6,13,759,3,3,9,2390,226,38,446,281,6,80,11104.2,10728.8,-375,86.3,15.5,2315.3,29,1,0,18.1,36.7,15.1,14.7,9.8, 0.5,4.9
São Pedro do Sul,2010,16977,0,13.1,61.4,25.5,195,122,0.7,0,194,0,-63,54,37,0,9,11550,37,25,13,2,3,2,3181,0,0,0,0,0,4.3,1573,3565,16,33,721,4,2,18,5622,756,43,415,665,6,445,14944.3,15858.9,915,77.2,20,2889.9,26.3,4,14,15.9,34.8,13.8,15.1,12.1, 0.7,7.5
São Roque do Pico,2010,3404,0,13.3,68.1,18.6,140,69,2,0,44,0,-13,16,20,0,1,2263,14,5,4,1,1,1,526,0,0,0,0,0,15.8,460,878,18,32,0,3,0,6,1002,246,42,202,62,3,56,5581.2,5972.8,392,87.3,45,2726.4,2.1,2,1,7.5,36.6,14.3,18.0,13.9, 0.9,8.7
São Vicente,2010,5772,0,14.4,62.6,23,160,37,0.6,0,83,0,-52,22,16,0,3,3944,13,6,4,1,1,2,1064,0,0,0,0,0,8.8,382,889,15,32,794,8,0,7,1920,231,44,160,252,7,71,5333.2,5769.1,436,87.2,34.1,3125.9,30,5,7,23.2,33.4,14.1,12.0,10.3, 0.7,6.3
Sardoal,2010,3960,0,11.8,62.6,25.7,218,40,1,0,65,0,-45,13,7,0,2,2974,10,4,4,1,1,1,648,0,0,0,0,1,24.4,359,800,12,25,729,2,1,3,1612,251,54,151,197,8,192,5084.8,5620.6,536,79.1,24.5,3234.4,56.8,12,0,13.0,32.2,12.1,19.2,14.4, 0.6,8.3
Sátão,2010,12548,0,14.4,63.8,21.8,152,92,0.7,0,168,0,-84,68,24,0,3,9257,40,17,9,2,3,1,1978,0,0,0,0,1,4.4,1061,2364,12,23,707,4,2,6,3784,447,39,635,651,8,187,8703.6,9177.1,474,77.9,19.4,2162.6,20.1,4,2,17.9,33.1,13.8,15.0,11.7, 0.7,7.9
Seia,2010,24930,0,11.2,64.8,23.9,214,301,1.2,0,354,0,-184,117,47,1,10,17707,30,31,17,5,6,2,4602,1,375,2,0,1,18.3,2138,5670,13,47,816,10,4,29,9794,980,49,1064,1650,10,288,18340.6,19255,914,66.4,29.2,3244.7,33.5,11,2,14.1,37.0,10.6,16.1,12.6, 0.8,8.8
Seixal,2010,157928,0,16.3,69.5,14.2,87,10433,6.6,0,1125,0,811,521,528,0,33,79180,201,77,45,10,16,7,28436,0,0,1,171,7,12.9,15128,33556,5,31,1098,55,1,167,32269,9851,32,5037,7363,7,1694,76573.4,81607,5034,22.5,38.8,6341.7,56.1,10,0,6.5,23.2,11.9,23.4,20.2, 1.2,13.6
Sernancelhe,2010,5716,0,13.2,61.4,25.4,192,39,0.7,0,68,0,-33,24,7,0,2,4469,17,10,4,1,1,1,819,0,0,0,0,0,6.7,497,1148,18,39,700,2,2,4,1977,184,44,304,219,6,103,8240.1,8121.6,-119,83.7,20.5,3106.6,48.3,9,0,17.2,37.3,12.1,15.0,12.5, 0.7,5.2
Serpa,2010,15756,0,12.8,62.1,25.1,196,275,1.7,0,257,0,-164,29,29,1,5,10321,12,8,10,3,5,2,2709,0,0,0,180,1,22.3,1613,3004,4,14,802,4,4,14,5852,785,48,1005,909,9,341,19889.9,17981.2,-1909,73,24.7,3015.8,32.2,2,4,20.4,28.4,13.0,18.0,12.1, 0.7,7.5
Sertã,2010,15977,0,13.2,59,27.7,209,184,1.2,0,216,0,-110,59,30,0,4,11939,56,11,10,3,4,3,2924,0,0,0,0,0,15.1,1475,4001,9,17,794,8,3,15,5796,585,46,667,585,6,322,14100.1,14490.9,391,76.4,22.7,3053.3,3.9,10,4,18.6,34.0,9.8,17.5,12.8, 1.2,5.9
Sesimbra,2010,48928,0,18.3,66.5,15.2,83,2287,4.7,0,454,0,173,173,143,0,8,31724,118,22,17,5,6,2,7940,0,0,1,137,1,9.1,5121,10912,7,16,915,20,2,54,10431,1897,30,1210,1832,6,1016,36781.4,37334.5,553,17.8,40.1,3222.2,63.7,14,5,7.7,23.2,12.6,22.9,19.6, 1.4,12.6
Setúbal,2010,120950,0,16.7,66,17.2,103,7950,6.6,0,1165,0,183,434,345,3,30,62594,149,55,43,9,11,8,24198,4,5481,5,387,5,10.5,12402,35071,10,35,1184,58,3,145,30835,7204,38,6117,6852,9,1419,56387,57752.5,1366,28.3,49.7,11801.9,44.7,14,15,8.8,22.6,11.4,22.1,18.9, 1.1,15.0
Sever do Vouga,2010,12449,0,13.4,64.2,22.4,167,178,1.4,0,137,0,-60,40,26,0,5,6983,19,12,11,1,2,1,2495,0,0,0,0,0,9.6,1295,3870,12,29,873,5,1,12,3918,421,40,176,475,6,129,7757.8,8124.6,367,73.7,28.7,2823,54.9,6,1,11.3,31.5,16.1,18.6,12.9, 0.9,8.7
Silves,2010,36993,0,14.4,63.2,22.5,156,5387,14.6,0,436,0,-80,118,93,1,12,32523,76,15,16,5,6,3,5566,1,576,2,0,0,10.5,4310,8754,3,9,887,17,8,52,10328,1521,37,1388,2018,9,774,31077.4,32572.5,1495,42.1,57.8,4243.8,148.7,8,9,13.1,26.6,12.3,21.6,16.6, 1.0,8.7
Sines,2010,14225,0,14.4,69.5,16.1,112,1230,8.6,0,156,0,-4,47,40,0,3,8282,45,8,4,1,2,2,2729,0,0,1,98,1,8.1,1500,6257,19,62,1611,9,2,23,3319,741,33,787,673,7,516,20419.5,23393.4,2974,31.5,31.2,63189,65.9,7,8,10.5,25.8,12.3,21.5,18.1, 1.4,10.3
Sintra,2010,377301,0,17.9,68.9,13.2,74,37133,9.8,0,2456,0,2023,1015,1104,4,66,182349,377,189,129,28,33,12,66580,4,628,7,353,9,9.5,38211,118402,10,20,1144,158,3,432,71408,20305,30,14220,18592,7,2796,158999.7,148167.6,-10832,38,39,2901.4,192.3,14,15,5.9,20.6,12.6,24.5,21.5, 1.3,13.6
Sobral de Monte Agraço,2010,10113,0,16.9,66.5,16.7,99,420,4.2,0,122,0,-6,74,18,0,3,5283,27,8,9,1,1,1,1459,0,0,0,31,1,20,1099,2786,8,13,801,6,3,11,2554,330,34,260,346,5,173,7418,7864.2,446,59.1,36.3,2858.6,44,5,0,11.2,28.9,14.3,19.0,15.6, 1.1,9.8
Soure,2010,19405,0,12.2,60.8,27,222,258,1.3,0,293,0,-171,59,51,1,9,11732,33,18,12,2,2,3,3253,0,0,0,0,0,10.8,1540,3040,7,27,834,4,4,17,7492,878,49,397,716,6,266,12139.9,12852.5,713,67.4,16.6,4075.4,45.3,8,0,18.9,29.8,9.1,18.3,15.2, 0.9,7.8
Sousel,2010,5139,0,12.9,56.6,30.5,236,92,1.8,0,93,0,-59,6,7,0,4,3737,4,5,4,1,1,0,786,0,0,0,0,0,16,570,1280,14,22,755,3,3,7,2276,236,57,289,217,7,144,6338.7,5982.2,-356,77.2,11.1,3878.3,65.4,3,0,20.2,31.2,11.3,18.3,11.6, 0.6,6.9
Tábua,2010,12152,0,14.2,62.5,23.3,165,294,2.4,0,175,0,-93,35,23,0,5,8704,11,12,4,2,2,2,1871,0,0,0,0,0,12.7,1029,3370,29,33,734,4,2,13,4121,381,43,644,487,6,203,9351.6,8619.8,-732,78.9,27.6,2969.5,21.7,4,1,15.1,36.0,11.8,18.6,11.5, 0.8,6.1
Tabuaço,2010,6396,0,12.9,63.9,23.2,179,39,0.6,0,81,0,-53,18,14,0,2,4398,16,8,6,1,1,1,828,0,0,1,0,0,14.9,451,975,19,31,803,2,3,4,1773,220,36,368,380,9,170,13610.2,7931.1,-5679,82.5,16.4,1988.1,35.6,5,1,17.3,35.5,13.9,16.6,11.0, 0.4,5.2
Tarouca,2010,8099,0,16.2,64.2,19.6,121,70,0.9,0,96,0,-33,36,25,0,2,6905,27,3,1,1,1,1,1210,0,0,0,0,0,10.4,661,2131,33,25,720,4,1,6,2202,266,36,690,487,9,263,14274.3,8324.3,-5950,78.5,20.2,2350.9,42.5,4,0,14.6,35.1,15.0,16.8,11.6, 0.5,6.4
Tavira,2010,26168,0,13.8,62,24.2,176,3505,13.4,0,343,0,-107,77,54,0,11,25298,96,14,11,2,3,1,3865,0,0,0,134,6,11.6,3204,6549,7,10,843,13,7,58,7414,1318,39,1200,1146,7,530,27775.5,27694.8,-81,36.5,47.2,4454.1,158.4,7,16,14.1,27.4,11.4,18.1,16.8, 1.0,11.1
Terras de Bouro,2010,7353,0,13.6,62.3,24.1,177,25,0.3,0,106,0,-62,27,10,0,3,4810,11,8,4,2,2,2,1189,0,0,1,0,0,3.3,565,1152,16,33,812,2,2,6,2619,392,48,167,420,9,234,9420.1,9911.1,491,83.2,35.1,2939.5,37.5,2,18,16.2,35.2,13.1,17.8,12.2, 0.6,5.0
Tomar,2010,40911,0,13.2,62.2,24.7,187,764,1.9,0,495,0,-188,141,85,1,13,26205,64,34,34,3,5,3,7710,2,2674,0,7,1,8.2,4092,9361,7,18,887,18,3,46,14265,2697,48,1351,1830,7,574,25332.6,26441.3,1109,63.5,35,4242,32.2,10,10,11.4,30.2,11.6,18.7,15.4, 0.9,11.7
Tondela,2010,29165,0,12.2,61,26.7,218,188,0.6,0,387,0,-236,119,51,1,13,17637,72,31,23,4,6,3,4476,0,0,1,0,1,6.4,2601,7531,17,36,919,14,2,33,9840,1282,44,652,897,5,335,21068.8,21921.5,853,76.2,28.9,3718,25.6,5,5,15.0,35.2,13.0,16.2,12.0, 0.6,7.9
Torre de Moncorvo,2010,8681,0,9.1,56.8,34,372,99,1.1,0,131,0,-87,8,20,0,3,7328,7,12,4,1,1,1,983,0,0,1,0,0,11.8,759,1657,23,58,1072,3,2,7,3590,646,54,122,523,11,251,10626.9,11721.9,1095,81.7,46.7,2911.2,34.7,4,2,21.0,36.7,10.1,12.8,11.3, 0.7,7.3
Torres Novas,2010,36825,0,13.7,63,23.3,170,586,1.6,0,460,0,-108,106,90,1,12,20823,65,35,27,4,5,3,6481,1,224,2,119,5,13.2,3538,10899,17,29,970,21,2,52,12141,1948,44,876,1231,5,574,25359.7,27167.5,1808,54.1,30.8,6776.2,43.2,2,2,10.8,28.3,12.0,18.8,16.3, 0.9,12.9
Torres Vedras,2010,79281,0,15.9,65.4,18.8,118,3887,4.9,0,892,0,-115,315,230,3,25,45151,180,60,60,9,12,6,15477,1,319,1,0,5,8.4,9987,27653,5,15,907,37,15,117,18623,3016,32,1977,3072,6,728,41277.5,37462,-3815,41.2,33.5,4390.9,50.8,5,13,11.3,27.7,13.5,20.2,15.0, 1.0,11.3
Trancoso,2010,9986,0,11.4,60.1,28.5,250,132,1.3,0,174,0,-127,45,9,0,6,8313,20,9,6,2,3,2,2474,0,0,0,0,0,11.2,892,2211,17,30,804,6,2,10,3620,395,46,291,225,4,152,10186.8,10895.5,709,87.6,24.6,2822,29.9,5,1,18.5,36.7,8.6,16.3,11.4, 0.7,7.9
Trofa,2010,39015,0,15.8,71.7,12.5,79,688,1.8,0,255,0,102,183,100,1,8,15566,57,20,20,4,5,2,7945,0,0,0,0,0,4.3,3960,15970,8,26,950,20,2,47,6373,582,21,2820,3748,13,385,17211,18248.7,1038,55.3,26.6,4956.6,54.8,6,1,8.0,31.0,16.5,20.2,14.3, 1.1,8.9
Vagos,2010,22848,0,15.2,66.4,18.3,120,450,2,0,193,0,-2,105,56,0,7,12664,82,20,20,2,4,3,4446,0,0,0,0,0,10.9,2521,5975,11,14,847,9,6,29,5598,470,31,366,845,6,201,12000.7,12501.6,501,60.9,35.4,3347.4,50.4,2,2,13.7,30.1,15.1,18.3,12.8, 0.8,9.2
Vale de Cambra,2010,23036,0,12.8,67.2,20,156,298,1.3,0,222,0,-45,106,76,0,6,11839,34,27,19,2,2,1,3701,0,0,0,0,0,8.9,2243,8414,25,36,966,12,1,31,6942,635,38,398,774,5,218,15148,15936.4,788,58.9,22.2,4736.8,64.3,5,3,12.3,32.5,15.4,16.8,12.5, 1.0,9.5
Valença,2010,14161,0,13.4,64.9,21.7,162,571,4,0,152,0,-41,30,39,0,3,8103,39,10,8,1,2,2,2114,1,321,0,0,0,2.8,1535,4790,18,35,848,14,1,18,4048,703,39,456,646,7,329,13941.7,14497.6,556,70.7,63.4,4379.7,34.5,4,7,11.9,33.9,14.4,18.3,13.9, 0.9,6.8
Valongo,2010,93632,0,16.7,70.6,12.7,76,917,1,0,588,0,429,357,289,1,18,40346,102,50,34,9,11,4,18696,0,0,1,179,0,4.8,8959,22725,9,27,917,38,2,85,20048,3416,30,9905,7751,12,869,38463.6,38125.1,-339,47,29.2,3096.4,100.3,11,1,7.1,28.1,15.1,20.1,16.6, 1.1,12.0
Valpaços,2010,17104,0,10.5,58.6,30.9,294,256,1.5,0,286,0,-203,55,44,0,7,13231,39,18,17,2,3,1,2303,0,0,0,0,0,2.6,1394,2485,7,18,715,10,3,15,6706,685,49,976,927,9,240,17422.1,17540.5,118,79.1,35.7,2294.7,30.8,3,3,22.9,39.9,11.2,11.6,8.8, 0.4,5.2
Velas,2010,5436,0,14.5,68.1,17.4,120,55,1,0,82,0,-44,20,5,0,2,3077,6,8,7,1,1,2,988,0,0,0,0,0,3.4,550,1275,19,48,0,4,1,11,1306,269,34,465,121,3,89,5524.3,6206.1,682,87.1,35.3,3286.6,0,7,2,10.8,35.9,14.2,19.8,11.3, 0.8,7.2
Vendas Novas,2010,11864,0,14.1,61.7,24.2,171,212,1.8,0,136,0,-43,41,31,0,4,6400,26,10,9,2,3,1,2166,0,0,0,0,0,8.1,1240,3754,24,22,963,9,1,16,3705,534,42,276,386,5,266,9222.3,8970.9,-251,57.9,28.3,4551.1,77.7,6,2,14.6,29.8,11.9,19.0,14.9, 0.9,8.9
Viana do Alentejo,2010,5760,0,14.9,61.1,24,161,97,1.7,0,95,0,-39,15,21,0,4,3575,8,4,3,2,2,1,1174,0,0,0,0,1,44.4,619,1134,11,45,806,3,2,8,2244,241,51,285,214,6,117,6954.3,7284.7,330,82.9,24.5,3220.6,112.7,3,0,19.0,27.6,13.6,18.2,14.0, 0.7,6.9
Viana do Castelo,2010,89031,0,14.4,67,18.6,130,1090,1.2,0,911,0,-177,411,247,2,23,48161,149,50,47,11,16,10,18441,3,2862,2,358,5,11.7,9235,26602,7,35,917,48,6,109,23067,3935,35,2721,4628,8,893,49805.9,49415.9,-390,59.5,30.9,6557.5,62.2,4,17,10.5,26.1,14.3,19.2,15.4, 0.8,13.9
Vidigueira,2010,5957,0,14.1,60.2,25.7,182,224,3.8,0,90,0,-38,18,22,0,2,3850,2,5,4,1,2,1,1258,0,0,1,0,0,23,587,1154,14,36,839,3,1,9,2218,283,49,391,284,8,181,8803.2,8966.2,163,81.9,31.9,3496.4,134.6,7,0,17.1,29.7,12.3,18.0,14.0, 1.0,8.0
Vieira do Minho,2010,13127,0,14.2,64.2,21.5,151,90,0.7,0,166,0,-65,59,24,0,4,8030,31,11,15,1,1,1,2308,0,0,0,0,0,8,990,2220,10,15,763,4,1,12,4320,573,44,1025,953,11,137,9369.5,9889,520,81.6,50.7,2443.7,19.9,3,3,16.1,33.0,16.6,15.5,11.9, 0.6,6.2
Vila da Praia da Vitória,2010,21033,0,16.8,70,13.1,78,178,0.8,0,211,0,0,102,65,0,6,9496,58,22,18,2,3,2,4117,0,0,0,124,0,18.4,2078,4457,13,26,0,12,1,35,4666,844,31,1969,456,3,187,20907.6,21215.7,308,76.6,34.7,4231.7,66.5,1,7,10.6,33.5,16.1,18.9,12.8, 0.7,7.3
Vila de Rei,2010,3468,0,11,54,35,318,45,1.3,0,88,0,-72,12,3,0,1,2955,14,2,1,1,1,0,364,0,0,0,0,0,12.7,297,631,11,27,667,3,1,5,1517,132,53,93,102,5,129,5751.7,5769.6,18,88.3,34.3,2881.8,83,1,0,22.2,38.4,8.0,14.7,10.6, 1.6,4.5
Vila do Bispo,2010,5269,0,12.3,62.4,25.2,205,787,14.9,0,54,0,-19,17,13,0,2,5888,53,4,6,1,1,0,535,0,0,0,0,0,6.9,760,1996,20,26,861,3,2,12,1452,249,37,127,175,5,257,11136.3,10805.6,-331,40,75.9,6145.7,347.9,7,10,13.6,28.6,12.8,19.7,16.4, 1.0,8.0
Vila do Conde,2010,79411,0,16.4,69.5,14.1,86,1252,1.6,0,589,0,259,377,257,1,17,37566,119,59,44,5,7,3,13622,1,1113,4,0,1,16,7892,26377,5,16,951,31,4,90,18848,2121,31,3958,5705,10,1343,45131.9,52104,6972,41.7,32.6,4853.6,80.7,5,5,8.2,30.2,16.7,18.8,13.6, 0.9,11.6
Vila do Porto,2010,5567,0,17.7,69.8,12.6,71,64,1.1,0,72,0,-13,15,11,0,1,3568,11,7,6,1,1,1,1131,0,0,1,0,0,5.9,605,1160,9,22,0,3,0,4,884,475,30,603,153,4,90,5046,5135.7,90,85.3,25.9,3521.5,3.1,2,4,10.4,29.0,17.1,19.4,14.7, 1.2,8.1
Vila Flor,2010,6772,0,11.1,60.7,28.1,253,145,2.1,0,82,0,-38,26,15,0,2,5175,28,11,7,1,1,1,892,0,0,1,0,0,13.1,630,1394,30,46,848,3,2,6,2227,372,44,205,343,8,158,8176.4,8709.8,533,80.7,40.8,3400,39,9,0,17.9,36.6,12.1,14.8,10.8, 0.5,7.2
Vila Franca de Xira,2010,136224,0,17,69.8,13.2,78,8086,5.9,0,1030,0,613,393,468,1,27,64852,75,55,43,11,14,5,26186,0,0,3,336,0,7.1,12304,41939,15,21,1116,65,5,168,25783,7476,29,4160,6576,7,895,69225.4,68046.2,-1179,37.4,29.9,7586.5,47,5,2,6.6,22.1,12.0,23.0,21.4, 1.3,13.7
Vila Franca do Campo,2010,11216,0,19.7,68.9,11.5,58,57,0.5,0,105,0,23,43,25,0,2,4061,35,10,8,1,1,2,2376,0,0,1,0,0,4.8,1056,1867,16,41,0,7,1,12,1681,351,23,1348,294,4,113,6217.1,7145.9,929,71.8,38.2,1983.3,35.9,6,2,14.9,32.4,20.9,16.3,8.8, 0.6,6.0
Vila Nova da Barquinha,2010,7338,0,14.2,61.6,24.2,171,59,0.8,0,82,0,-25,28,14,0,3,4091,21,6,5,2,2,1,894,0,0,0,0,0,13.6,566,987,10,34,806,2,0,10,2067,744,45,209,241,5,183,10418.7,9756.1,-663,78.3,24.8,2830.5,45.5,3,1,9.9,29.8,13.1,19.1,16.8, 1.1,10.2
Vila Nova de Cerveira,2010,9275,0,13.8,64.6,21.5,156,237,2.6,0,115,0,-34,50,14,0,3,6146,32,7,5,2,3,3,2152,1,206,0,0,0,9.2,980,3681,27,56,922,5,1,8,2770,453,40,178,370,6,257,15589.5,13627.9,-1962,76,43.7,6360.5,38.4,2,5,14.5,29.2,13.4,19.2,14.1, 1.0,8.5
Vila Nova de Famalicão,2010,133849,0,16.3,70.6,13.1,80,1256,0.9,0,941,0,277,516,317,2,27,55106,358,82,71,11,16,10,28801,2,2499,5,19,1,7.7,12413,51979,8,21,919,62,4,137,33122,2286,32,5228,9100,10,1222,71188.4,72171.5,983,42.7,25.9,6425.5,51.4,5,4,8.5,28.7,18.0,19.6,14.2, 0.9,10.0
Vila Nova de Foz Côa,2010,7392,0,11.3,57.9,30.8,273,119,1.6,0,131,0,-88,16,13,0,4,6474,8,6,2,1,1,1,1811,0,0,1,0,0,8.6,684,1174,11,22,819,2,2,8,2508,451,46,266,288,7,167,10086.7,10175.1,88,83.5,27.2,3017.3,36.3,1,1,18.5,38.3,10.4,12.9,11.5, 0.7,7.7
Vila Nova de Gaia,2010,302313,0,15.7,69.7,14.6,93,4972,1.6,0,2282,0,711,1006,953,3,62,141945,195,148,114,20,31,17,53581,7,3125,3,482,31,21.8,30090,83916,4,16,1033,125,4,318,70827,10777,32,31315,27753,13,1868,103660.3,110911.8,7252,33.6,31.3,4175.7,43.7,15,18,7.4,27.7,13.3,19.5,16.2, 1.1,14.8
Vila Nova de Paiva,2010,5238,0,13.4,60.8,25.7,192,31,0.6,0,71,0,-37,24,9,0,1,4378,22,5,5,1,2,1,883,0,0,0,0,0,7.1,429,763,7,35,703,2,1,4,1622,190,40,193,358,11,132,6023.5,6635.2,612,81.1,34.2,2554.8,27.1,6,0,19.8,30.8,14.3,16.2,11.6, 0.5,6.8
Vila Nova de Poiares,2010,7280,0,16,65.9,18.1,113,190,2.6,0,85,0,-12,21,23,0,2,4554,15,4,4,1,1,1,1499,0,0,0,0,0,20,804,2431,25,57,779,2,1,6,1895,288,36,525,282,6,162,7309.6,7419.2,110,76.4,24,3219.6,42.3,2,0,13.0,30.9,12.9,21.9,14.0, 0.8,6.5
Vila Pouca de Aguiar,2010,13323,0,12.1,61.9,26,214,116,0.9,0,172,0,-82,54,25,0,4,10022,31,15,7,2,2,1,1978,0,0,1,0,0,5,1184,2555,13,56,741,8,1,13,4638,691,46,668,759,9,240,14340.8,15404.9,1064,77.3,36,3323,44.2,4,3,17.8,38.5,11.6,14.5,10.3, 0.4,7.0
Vila Real,2010,51875,0,15.1,67.7,17.2,114,716,1.4,0,446,0,53,232,132,1,13,29829,113,49,47,4,6,6,11561,2,7368,4,414,7,15.6,5318,12268,6,14,913,28,5,75,12172,3718,36,2455,2882,8,427,26302.2,24216.9,-2085,60.4,26,3479.3,18.8,1,4,10.1,25.2,10.4,17.7,16.8, 0.7,19.0
Vila Real de Santo António,2010,19118,0,15.7,65.9,18.4,117,1983,10.4,0,213,0,11,51,50,0,5,19591,91,7,7,3,4,2,4072,0,0,0,45,0,4.8,2408,5757,9,14,876,19,3,34,4815,1097,37,1608,1208,10,493,53162.3,51991.1,-1171,10.8,51.8,4295.6,213.3,4,19,9.8,28.3,13.5,21.7,16.8, 1.0,8.9
Vila Velha de Ródão,2010,3562,0,6.7,53.5,39.9,599,50,1.4,0,97,0,-80,6,2,0,1,3411,7,2,2,1,1,0,221,0,0,0,0,1,8.8,256,795,40,87,1145,2,0,6,1770,276,62,50,82,4,150,6764.8,7012.8,248,77.4,23,52218.6,3.6,1,0,18.9,43.7,8.8,13.5,9.5, 0.2,5.4
Vila Verde,2010,48014,0,17.1,66.3,16.6,97,243,0.5,0,434,0,9,222,66,1,11,22869,143,54,41,5,7,2,10168,0,0,0,0,0,6.6,4117,11690,7,13,750,19,4,42,12286,988,33,437,2249,7,416,24426,25965,1539,67.9,34.7,2435.2,29.6,5,3,14.2,30.3,16.1,18.8,12.8, 0.7,7.1
Vila Viçosa,2010,8375,0,12.8,65,22.2,173,97,1.2,0,96,0,-40,29,23,0,5,4752,5,5,6,1,1,1,1528,0,0,0,0,1,11.6,872,2351,12,24,927,3,3,12,2876,417,45,448,357,7,174,6934.9,7144.9,210,63.3,14.2,5747.1,51.8,7,3,14.9,29.2,13.7,17.0,15.9, 0.8,8.4
Vimioso,2010,4738,0,9.7,53.3,37,381,39,0.8,0,89,0,-60,15,6,0,3,4619,21,2,2,1,1,0,428,0,0,0,0,0,18.6,498,700,4,18,696,4,1,5,2042,266,54,87,179,7,142,10530,9806.4,-724,93.1,40.7,2705.3,29.8,17,1,23.2,38.2,11.1,12.8,8.5, 0.4,5.7
Vinhais,2010,9205,0,8.4,53.7,37.9,452,39,0.4,0,174,0,-141,16,14,0,3,6987,13,9,5,1,1,1,805,0,0,0,0,0,17.3,698,1156,6,16,719,3,2,6,4188,578,57,345,393,8,198,12379.3,12260,-119,89.1,23,2199.3,30.3,4,1,21.2,39.9,14.2,10.5,8.7, 0.5,5.0
Viseu,2010,99114,0,15.8,66.7,17.6,111,2191,2.2,0,877,0,85,475,265,2,23,53906,259,75,71,11,14,6,21295,9,6796,3,248,13,15,10425,26725,4,14,893,65,3,153,22454,6151,34,4839,5391,8,978,59169.4,56587.8,-2582,56.3,33.2,3741.5,37.9,8,13,9.9,25.7,11.3,18.1,16.4, 0.8,17.8
Vizela,2010,23739,0,17,72.1,10.9,64,140,0.6,0,151,0,63,108,54,0,5,9030,47,11,12,4,5,2,4986,0,0,0,0,3,9.2,1819,8284,13,20,685,11,1,15,4467,285,24,621,2012,12,311,11371.3,11491.1,120,66.4,38.3,3906.8,42.1,4,0,9.9,34.3,17.4,19.8,11.9, 0.6,6.1
Vouzela,2010,10656,0,12.7,60.7,26.6,210,92,0.9,0,138,0,-71,26,21,0,4,6679,20,14,10,2,3,2,1676,0,0,1,0,0,16.6,947,2280,16,30,762,2,2,15,3692,438,45,160,323,5,179,9657.7,10299.6,642,77.3,31,2937.2,26.1,7,1,14.7,36.7,13.7,15.7,11.2, 0.7,7.1